,brand,name,elements
0,아비브,아비브 부활초 크림 뉴트리션 튜브,"['정제수', '부틸렌글라이콜', '글리세린', '트루로즈오브예리코추출물', '카프릴릭', '카프릭트라이글리세라이드', '다이아이소스테아', '릴말레이트', '코코넛야자오일', '시어버터', '세테아릴알코올', '다이글리세린', '펜틸렌글라이콜', '1-헥산다이올', '2-헥산다이올', '비스-다이글리세릴폴리아실아디페이트-2', '카프릭', '미리스틱', '스테아릭트라이글리세라이드', '아이소트라이데실아이소노나노에이트', '아라키딜알코올', '호호바에스터', '카나우바왁스', '락토바실러스발효물', '차가버섯추출물', '블루아가베잎추출물', '판테놀', '합성비즈왁스', '비닐다이메티콘', '글리세릴스테아레이트', '아라키딜글루코사이드', '하이드록시에틸아크릴레이트', '소듐아크릴로일다이메틸타우레이트코폴리머', '아크릴레이트', 'C10-30알킬아크릴레이트크로스폴리머', '팔미틱애씨드', '트로메타민', '하이드로제네이티드레시틴', '다이포타슘글리시리제이트', '에틸헥실글리세린', '아데노신', '트라이소듐에틸렌다이아민다이석시네이트', '토코페롤', '메틸프로판다이올', '베헤닐알코올', 'C12-16알코올', '잔탄검']"
1,한율,한율 어린쑥 수분진정 크림,"['정제수', '글리세린', '부틸렌글라이콜', '다이카프릴릴에터', '황해쑥잎추출물잎수', '메틸트라이메티콘', '나이아신아마이드', '비스-하이드록시에톡시프로필다이메티콘', '1-헥산다이올', '2-헥산다이올', 'C14-22알코올', '세틸에틸헥사노에이트', '판테놀', '글리세릴스테아레이트시트레이트', '하이드로제네이티드폴리', '하이드록시에틸아크릴레이트', '소듐아크릴로일다이메틸타우레이트코폴리머', '스테아릭애씨드', '암모늄아크릴로일다이메틸타우레이트', '브이피코폴리머', '글리세릴폴리메타크릴레이트', '글리세릴스테아레이트', '폴리메틸실세스퀴옥세인', '팔미틱애씨드', '아라키딜알코올', 'C12-20알킬글루코사이드', '향료', '글리세릴카프릴레이트', '베헤닐알코올', '2-부탄다이올', '3-부탄다이올', '아라키딜글루코사이드', '에틸헥실글리세린', '다이소듐이디티에이', '솔비탄아이소스테아레이트', '프로판다이올', '레시틴', '락토바실러스발효물', '글루코오스', '토코페롤', '이눌린라우릴카바메이트', '황해쑥잎추출물', '병풀꽃추출물', '병풀잎추출물', '병풀줄기추출물']"
2,성분에디터,성분에디터 그린토마토 포어 리프팅 앰플 플러스,"['정제수', '부틸렌글라이콜', '글리세린', '자일리톨', '1-헥산다이올', '2-헥산다이올', '나이아신아마이드', '다이프로필렌글라이콜', '에탄올', '트레할로오스', '잔탄검', 'C12-13파레스-9', '카보머', '다이포타슘글리시리제이트', '트로메타민', '알란토인', '폴리메틸실세스퀴옥세인', '소듐시트레이트', '아데노신', '인도멀구슬나무잎추출물', '인도멀구슬나무꽃추출물', '스타이렌', '아크릴레이트코폴리머', '토마토추출물', '데이지꽃추출물', '하이드롤라이즈드콜라겐', '판테놀', '글루코노락톤', '아이비고드열매추출물', '호박가루', '가지열매추출물', '홀리바질잎추출물', '울금뿌리추출물', '참산호말추출물', '드럼스틱씨오일', '하이드로제네이티드폴리아이소부텐', '하이드로제네이티드레시틴', '소듐하이알루로네이트', '세라마이드엔피', '하이알루로닉애씨드', '하이드롤라이즈드하이알루로닉애씨드', '하이드록시프로필트라이모늄하이알루로네이트', '소듐하이알루로네이트크로스폴리머', '칡뿌리추출물', '대왕송잎추출물', '당느릅나무뿌리추출물', '달맞이꽃추출물', '지모뿌리추출물', '에틸헥실글리세린', '메틸다이하이드로자스모네이트', '다이소듐이디티에이', '페네틸알코올', '소듐클로라이드', '다이소듐포스페이트', '포타슘클로라이드', '포타슘포스페이트', '에틸리날룰', '에틸렌브라실레이트', '리날릴아세테이트', '유칼립톨', '메틸렌다이옥시페닐메틸프로판알', '2-t-부틸사이클로헥실아세테이트', '헥세닐아세테이트', '3-헥센올', '2-다이메틸-3-사이클로헥신카복스알데하이드', '4-다이메틸-3-사이클로헥신카복스알데하이드', '벤질글라이콜', '토코페롤', '라즈베리케톤']"
3,달바,달바 화이트 트러플 퍼스트 스프레이 세럼,"['정제수', '다이프로필렌글라이콜', '네오펜틸글라이콜다이헵타노에이트', '글리세레스-26', '1-헥산다이올', '2-헥산다이올', '나이아신아마이드', '솔비톨', '하이드록시에틸우레아', '아보카도오일', '멕시칸치아씨추출물', '바질꽃', '바질잎추출물', '바질줄기추출물', '베타인', '귀리커넬추출물', '부틸렌글라이콜', '흰서양송로추출물', '글리세린', '해바라기씨오일', '토코페릴아세테이트', '다이소듐이디티에이', '다이포타슘글리시리제이트', '아데노신', '소듐팔미토일프롤린', '비피다발효용해물', '알바수련꽃추출물', '하이드롤라이즈드하이알루로닉애씨드', '돌콩오일', '스노우로투스추출물', '인삼추출물', '연꽃꽃추출물', '뽕나무껍질추출물', '마돈나백합꽃추출물', '에델바이스추출물', '약모밀추출물', '프리지어추출물', '카보머', '데이지꽃추출물', '알지닌', '포타슘솔베이트', '아나토씨오일', '토코페롤', '향료', '리날룰', '헥실신남알', '리모넨', '시트로넬올']"
4,에스네이처,에스네이처 아쿠아 스쿠알란 수분크림,"['정제수', '스쿠알란', '글리세린', '1-헥산다이올', '2-헥산다이올', '베타인', '판테놀', '소듐하이알루로네이트', '하이드롤라이즈드콜라겐', '하이드록시프로필트라이모늄하이알루로네이트', '하이드롤라이즈드하이알루로닉애씨드', '소듐아세틸레이티드하이알루로네이트', '아세틸헥사펩타이드-8', '아데노신', '하이알루로닉애씨드', '하이드롤라이즈드소듐하이알루로네이트', '소듐하이알루로네이트크로스폴리머', '포타슘하이알루로네이트', '아크릴레이트', 'C10-30알킬아크릴레이트크로스폴리머', '알지닌', '알란토인', '자일리틸글루코사이드', '안하이드로자일리톨', '자일리톨', '글루코오스', '부틸렌글라이콜', '암모늄아크릴로일다이메틸타우레이트', '브이피코폴리머', '카프릴릴글라이콜']"
5,차앤박,차앤박 프로폴리스 액티브 앰플,"['정제수', '부틸렌글라이콜', '글리세린', '1-헥산다이올', '2-헥산다이올', '폴리솔베이트20', '도둑놈의지팡이뿌리추출물', '띠뿌리추출물', '하이드록시에틸셀룰로오스', '알지닌', '카보머', '알란토인', '마데카소사이드', '더덕뿌리추출물', '레몬밤잎추출물', '무화과추출물', '석류추출물', '펜틸렌글라이콜', '소듐하이알루로네이트', '센티드제라늄꽃오일', '베타-글루칸', '카프릴릴글라이콜', '소듐시트레이트', '하이드록시페닐프로파미도벤조익애씨드', '꿀추출물', '소듐락테이트', '아크릴레이트', 'C10-30알킬아크릴레이트크로스폴리머', '시트릭애씨드', '아스코빌팔미테이트', '바이오틴', '팔미토일트라이펩타이드-1', '팔미토일테트라펩타이드-7', '다이소듐이디티에이', '시트로넬올', '제라니올']"
6,리얼베리어,리얼베리어 익스트림 크림,"['정제수', '부틸렌글라이콜', '카프릴릭', '카프릭트라이글리세라이드', '글리세린', '세테아릴알코올', '프로판다이올', '판테놀', '미리스토일', '팔미토일옥소스테아라마이드', '아라카마이드엠이에이', '글리세릴스테아레이트', '폴리글리세릴-10다이스테아레이트', '다이메티콘', '솔비탄스테아레이트', '겨우살이열매추출물', '1-헥산다이올', '2-헥산다이올', '메도우폼씨오일', '올리브오일', '하이드로제네이티드식물성오일', '자일리틸글루코사이드', '안하이드로자일리톨', '자일리톨', '글루코오스', '토코페릴아세테이트', '피토스테롤', '포스포리피드', '다이하이드록시아이소프로필팔모일팜아마이드', '비스-카프릴로일옥시팔미타미도아이소프로판올', '알란토인', '아세틸헵타펩타이드-4', '해바라기씨오일', '살비아오일', '광곽향오일', '소두구씨오일', '콘민트오일', '캐모마일꽃오일', '멕시칸주니퍼오일', '바이오사카라이드검-1', '소듐하이알루로네이트', '아세틸다이펩타이드-1세틸에스터', '마데카소사이드', '스테아릭애씨드', '카보머', '카프릴릴글라이콜', '솔비탄라우레이트', '하이드록시에틸셀룰로오스', '소듐레불리네이트', '글리세릴카프릴레이트', 'p-아니식애씨드']"
7,구달,구달 청귤 비타C 잡티케어 세럼,"['부틸렌글라이콜', '나이아신아마이드', '다이프로필렌글라이콜', '메틸글루세스-20', '정제수', '1-헥산다이올', '2-헥산다이올', '글리세레스-26', '알부틴', '아이리쉬모스추출물', '사탕수수추출물', '하이드롤라이즈드호호바에스터', '소듐하이알루로네이트', '베르가모트오일', '인도멀구슬나무꽃추출물', '홀리바질잎추출물', '인도멀구슬나무잎추출물', '울금뿌리추출물', '참산호말추출물', '라벤더오일', '레몬껍질오일', '일랑일랑꽃오일', '오렌지껍질오일', '유칼립투스잎추출물', '감초뿌리추출물', '캐모마일꽃추출물', '녹차추출물', '병풀추출물', '로즈마리잎추출물', '호장근뿌리추출물', '병풀잎추출물', '암모늄아크릴로일다이메틸타우레이트', '브이피코폴리머', '판테놀', '콜레스-24', '트로메타민', '에틸헥실글리세린', '알란토인', '토코페릴아세테이트', '아데노신', '소듐파이테이트', '아스코빌글루코사이드', '다이포타슘글리시리제이트', '글리세린', '마데카소사이드', '말토덱스트린', '사카라이드하이드롤리세이트', '토코페롤', '아시아티코사이드', '카보머', '잔탄검', '리모넨', '리날룰']"
8,피지오겔,피지오겔 DMT 페이셜 크림,"['정제수', '카프릴릭', '카프릭트라이글리세라이드', '글리세린', '펜틸렌글라이콜', '코코넛야자오일', '하이드로제네이티드레시틴', '시어버터', '하이드록시에틸셀룰로오스', '스쿠알란', '카보머', '잔탄검', '소듐카보머', '세라마이드엔피']"
9,라네즈,라네즈 크림스킨,"['정제수', '부틸렌글라이콜', '글리세린', '메도우폼씨오일', '아이소펜틸다이올', '1-헥산다이올', '2-헥산다이올', '스쿠알란', '폴리글리세릴-10스테아레이트', '글리세릴스테아레이트시트레이트', '소듐스테아로일글루타메이트', '이눌린라우릴카바메이트', '글리세릴카프릴레이트', '에틸헥실글리세린', '프로판다이올', '다이소듐이디티에이', '카보머', '만니톨', '아크릴레이트', '스테아릴메타크릴레이트코폴리머', '흰목이버섯포자낭과추출물', '하이알루로닉애씨드', '녹차추출물', '잔탄검', '세라마이드엔피', '동백나무꽃추출물', '토코페롤', '아세틸테트라펩타이드-11']"
10,에스트라,에스트라 리제덤365 모공탄력 캡슐세럼,"['정제수', '부틸렌글라이콜', '나이아신아마이드', '글리세린', '다이메티콘', '1-헥산다이올', '2-헥산다이올', '하이드로제네이티드폴리데센', '스테아릭애씨드', '하이드록시프로필비스팔미타마이드엠이에이', '만니톨', '비닐다이메티콘크로스폴리머', '폴리메틸메타크릴레이트', '카보머', '티몰트라이메톡시신나메이트', '소듐하이알루로네이트', '잔탄검', '글리세릴카프릴레이트', '소듐스테아로일글루타메이트', '소듐폴리아크릴로일다이메틸타우레이트', '아크릴레이트', '암모늄메타크릴레이트코폴리머', '다이소듐이디티에이', '에틸헥실글리세린', '아데노신', '트로메타민', '콜레스테롤', '덱스트린', '카카오추출물', '실리카', '올레아놀릭애씨드', '3-O-에틸아스코빅애씨드', '하이드롤라이즈드익스텐신', '호호바씨오일', '폴리글리세릴-10라우레이트', '토코페롤', '하이드로제네이티드레시틴']"
11,아이소이,아이소이 잡티세럼,"['정제수', '다마스크장미꽃수', '글리세린', '에탄올', '알부틴', '베타인', '트레할로오스', '다마스크장미꽃오일', '비타민나무열매추출물', '아사이팜열매추출물', '로우스위트블루베리추출물', '인디안구스베리열매추출물', '크랜베리추출물', '바위돌꽃뿌리추출물', '고삼뿌리추출물', '블랙윌로우나무껍질추출물', '약모밀추출물', '잔탄검', '알란토인', '판테놀', '붉나무충영추출물', '올리브나무잎추출물', '감국꽃추출물', '회화나무싹추출물', '꿀풀잎추출물', '밤껍질추출물', '흰버드나무껍질추출물', '병풀추출물', '부틸렌글라이콜', '1-헥산다이올', '2-헥산다이올', '포트마리골드꽃추출물', '황금추출물', '모란뿌리추출물', '스페인감초뿌리추출물']"
12,토리든,토리든 다이브인 저분자 히알루론산 세럼,"['정제수', '부틸렌글라이콜', '글리세린', '다이프로필렌글라이콜', '1-헥산다이올', '2-헥산다이올', '판테놀', '소듐하이알루로네이트', '소듐아세틸레이티드하이알루로네이트', '소듐하이알루로네이트크로스폴리머', '하이드롤라이즈드소듐하이알루로네이트', '알란토인', '트레할로스', '베타인', '프로판다이올', '쇠비름추출물', '버지니아풍년화추출물', '마데카소사이드', '마데카식애씨드', '세라마이드엔피', '베타-글루칸', '말라카이트추출물', '콜레스테롤', '펜틸렌글라이콜', '글리세릴아크릴레이트', '아크릴릭애씨드코폴리머', '피브이엠', '엠에이코폴리머', '폴리글리세릴-10라우레이트', '잔탄검', '트로메타민', '카보머', '에틸헥실글리세린', '황금추출물', '모란뿌리추출물']"
13,닥터지,닥터지 레드 블레미쉬 클리어 수딩 크림,"['정제수', '글리세린', '부틸렌글라이콜', '다이카프릴릴에터', '나이아신아마이드', '1-헥산다이올', '2-헥산다이올', '하이드로제네이티드폴리데센', '펜틸렌글라이콜', '다이카프릴릴카보네이트', '비닐다이메티콘', '카프릴릴메티콘', '하이드록시에틸아크릴레이트', '소듐아크릴로일다이메틸타우레이트코폴리머', '판테놀', '아크릴레이트', 'C10-30알킬아크릴레이트크로스폴리머', '다이메티콘올', '폴리메틸실세스퀴옥세인', '트로메타민', '다이포타슘글리시리제이트', '글리세릴아크릴레이트', '아크릴릭애씨드코폴리머', '에틸헥실글리세린', '잔탄검', '병풀잎추출물', '프룩토올리고사카라이드', '소듐파이테이트', '알란토인', '락토바실러스발효물', '락토바실러스', '콩발효추출물', '류코노스톡', '무발효여과물', '효모발효추출물', '토코페롤', '에피갈로카테킨갈레이트', '마데카소사이드', '베타-글루칸', '병풀추출물', '아시아티코사이드', '마데카식애씨드', '아시아틱애씨드']"
14,메디필,메디필 히알루론산 레이어 물톡스 앰플 더블,"['정제수', '프로판다이올', '글리세린', '다이프로필렌글라이콜', '메틸프로판다이올', '1-헥산다이올', '2-헥산다이올', '나이아신아마이드', '다시마추출물', '한련초잎추출물', '병풀뿌리추출물', '에난티아', '클로란타껍질추출물', '지모뿌리추출물', '하이드로제네이티드레시틴', '알란토인', '카보머', '엑토인', '판테놀', '아데노신', '다이소듐이디티에이', '프룩토올리고사카라이드', '자일리톨', '부틸렌글라이콜', '베타-글루칸', '자일리틸글루코사이드', '안하이드로자일리톨', '콜라겐', '류코노스톡', '무발효여과물', '수크로오스팔미테이트', '스쿠알란', '폴리글루타믹애씨드', '글리세릴리놀리에이트', '하이드로제네이티드폴리아이소부텐', '글리세릴글루코사이드', '토코페롤', '올레아놀릭애씨드', '세라마이드엔피', '글라이신', '글루타믹애씨드', '알지닌', '하이드록시프로필사이클로덱스트린', '카프릴릭', '카프릭트라이글리세라이드', '수크로오스다이스테아레이트', '피토스핑고신', '에틸헥실글리세린', '쌀겨오일', '해바라기씨오일', '트로메타민']"
15,바이오힐보,바이오힐보 프로바이오덤 리프팅 크림,"['정제수', '락토바실러스발효물', '다이프로필렌글라이콜', '글리세린', '카프릴릭', '카프릭트라이글리세라이드', '하이드로제네이티드폴리데센', '글리세릴스테아레이트', '1-헥산다이올', '2-헥산다이올', '하이드로제네이티드식물성오일', '메도우폼씨오일', '나이아신아마이드', '폴리글리세릴-3메틸글루코오스다이스테아레이트', '세테아릴알코올', '펜틸렌글라이콜', '호호바에스터', '수크로오스', '시어버터', '바실러스발효물', '한련초추출물', '인도멀구슬나무꽃추출물', '인도멀구슬나무잎추출물', '카카오씨추출물', '울금뿌리추출물', '홀리바질잎추출물', '자일로오스', '참산호말추출물', '드럼스틱씨오일', '리마콩씨추출물', '칸디다봄비콜라', '글루코오스', '메틸레이프씨데이트발효물', '올리브오일', '다이펜타에리스리틸헥사하이드록시스테아레이트', '헥사스테아레이트', '헥사로지네이트', '폴리메틸실세스퀴옥세인', '폴리솔베이트60', '세테아릴올리베이트', '피이지-100스테아레이트', '솔비탄올리베이트', '다이메티콘', '카프릴릴글라이콜', '마이크로코쿠스용해물', '트로메타민', '토코페릴아세테이트', '에틸헥실글리세린', '아데노신', '다이포타슘글리시리제이트', '부틸렌글라이콜', '프룩토오스', '덱스트린', '세라마이드엔피', '하이드로제네이티드레시틴', '토코페롤', '다이펩타이드다이아미노부티로일벤질아마이드다이아세테이트', '팔미토일트라이펩타이드-5', '세틸하이드록시에틸셀룰로오스', '루틴', '헥사펩타이드-2', '아세틸테트라펩타이드-5', '덱스트란', '트라이펩타이드-1', '팔미토일헥사펩타이드-12', '바이오틴', '아세틸헥사펩타이드-8', '팔미토일테트라펩타이드-7', '팔미토일트라이펩타이드-1', '팔미토일펜타펩타이드-4', '헥사펩타이드-9', '카퍼트라이펩타이드-1', '세테아레스-20', '콜레스테롤', '글라이코리피드', '레시틴', '올레익애씨드', '피이지-40하이드로제네이티드캐스터오일', '포타슘하이드록사이드', '베헤닐알코올', '카보머', '잔탄검', '다이소듐이디티에이', '향료']"
16,브이앤에이뷰티,V A 미백광채앰플,"['미네랄워터', '프로판다이올', '아이소펜틸다이올', '부틸렌글라이콜', '메틸프로판다이올', '펜틸렌글라이콜', '1-헥산다이올', '2-헥산다이올', '나이아신아마이드', '치자꽃추출물', '살비아수', '센티드제라늄추출물', '병풀추출물', '무화과추출물', '다시마추출물', '한련초잎추출물', '카카오씨추출물', '데이지꽃추출물', '돌콩추출물', '하이드로제네이티드레시틴', '센티드제라늄꽃오일', '라벤더오일', '연필향나무오일', '아틀라스시다나무껍질오일', '발삼아미리스껍질오일', '광곽향오일', '로즈힙열매오일', '옥틸도데세스-16', '카보머', '트로메타민', '에칠아스코빌에텔', '하이드롤라이즈드하이알루로닉애씨드', '아데노신', '프룩토올리고사카라이드', '다이소듐이디티에이', '판테놀', '베타-글루칸', '3-O-에틸아스코빅애씨드', '세라마이드엔피', '덱스트린', '엑토인', '발삼코파이바수지', '사이아노코발아민', '알지닌', '암모늄아크릴로일다이메틸타우레이트', '브이피코폴리머', '테트라하이드로피페린', '플로레틴', '정제수', '에틸헥실글리세린', '시트로넬올', '리날룰', '제라니올']"
17,웰라쥬,웰라쥬 리얼 히알루로닉 블루 100 앰플,"['정제수', '프로판다이올', '펜틸렌글라이콜', '글리세린', '1-헥산다이올', '2-헥산다이올', '판테놀', '참마뿌리추출물', '인도멀구슬나무잎추출물', '인도멀구슬나무꽃추출물', '아이비고드열매추출물', '카바카바잎', '카바뿌리추출물', '카바줄기추출물', '병풀추출물', '인삼열매추출물', '가지열매추출물', '알로에베라꽃추출물', '홀리바질잎추출물', '울금뿌리추출물', '참산호말추출물', '갈랑가갈랑갈추출물', '소듐하이알루로네이트', '하이드로제네이티드레시틴', '메틸프로판다이올', '소듐아크릴릭애씨드', '엠에이코폴리머', '부틸렌글라이콜', '잔탄검', '소듐시트레이트', '글라이코실트레할로오스', '하이드로제네이티드스타치하이드롤리세이트', '아데노신', '시트릭애씨드', '라피노오스', '레시틴', '폴리쿼터늄-51', '베타-글루칸', '사카라이드아이소머레이트', '사이아노코발아민', '바이오사카라이드검-1', '카프릴릭', '카프릭트라이글리세라이드', '소듐스테아로일글루타메이트', '수크로오스라우레이트', '글라이신', '세린', '알지닌', '히스티딘', '리솔레시틴', '토코페롤', '벤질글라이콜', '에틸헥실글리세린', '카프릴릴글라이콜']"
18,닥터지,닥터지 블랙스네일 크림,"['정제수', '달팽이점액여과물', '다이프로필렌글라이콜', '글리세린', '세테아릴알코올', '사이클로펜타실록세인', '카프릴릭', '카프릭트라이글리세라이드', '트라이에틸헥사노인', '하이드로제네이티드폴리데센', '나이아신아마이드', '1-헥산다이올', '2-헥산다이올', '사이클로헥사실록세인', '글리세릴스테아레이트에스이', '카바카바잎', '카바뿌리추출물', '카바줄기추출물', '참마뿌리추출물', '우엉뿌리추출물', '진흙버섯추출물', '쇠비름추출물', '프로폴리스추출물', '병풀추출물', '하이드로제네이티드레시틴', '아르간커넬오일', '소듐하이알루로네이트', '다이메티콘', 'C12-16알코올', '글리세릴스테아레이트', '세테아릴올리베이트', '솔비탄올리베이트', '마이크로크리스탈린셀룰로오스', '스쿠알란', '세테아릴글루코사이드', '메틸프로판다이올', '하이드록시에틸아크릴레이트', '소듐아크릴로일다이메틸타우레이트코폴리머', '부틸렌글라이콜', '팔미틱애씨드', '하이드로제네이티드폴리아이소부텐', '베타인', '에탄올', '글라이코실트레할로오스', '셀룰로오스검', '아이소노닐아이소노나노에이트', '폴리글리세릴-10스테아레이트', '하이드롤라이즈드옥수수전분', '하이드로제네이티드스타치하이드롤리세이트', '라피노오스', '스테아릭애씨드', '시어버터', '아데노신', '폴리글리세릴-2다이폴리하이드록시스테아레이트', '베타-글루칸', '다이소듐이디티에이', '레시틴', '솔비탄아이소스테아레이트', '수크로오스', '카라멜', '글루코오스', '이눌린라우릴카바메이트', '폴리쿼터늄-51', '프로필렌글라이콜', '다이소듐스테아로일글루타메이트', '바이오사카라이드검-1', '진주가루', '피이지-100스테아레이트', '폴리솔베이트60', '향료', '에틸헥실글리세린', '펜틸렌글라이콜', '카프릴릴글라이콜', '리날룰', '벤질살리실레이트', '리모넨', '하이드록시시트로넬알', '제라니올', '프로판다이올', 'C13-16아이소알케인', '글리세레스-26', '헵틸운데실레네이트', '폴리글리세릴-3다이스테아레이트', '운데케인', '합성사파이어', '트라이데케인', '아크릴레이트', 'C10-30알킬아크릴레이트크로스폴리머', '세틸팔미테이트', '코코-카프릴레이트', '카프레이트', '하이드로제네이티드올리브오일불검화물', '맥아추출물', '솔비탄팔미테이트', '글리세릴스테아레이트시트레이트', '잔탄검', '트로메타민', '아이비고드열매추출물', '한련초추출물', '소듐폴리아크릴레이트', '폴리에터-1', '알란토인', '다이메틸아이소소바이드', '글리세릴올리에이트', '토코페롤', '라우릴글루코사이드', '미리스틸글루코사이드', '폴리글리세릴-6라우레이트', '하이드록시피나콜론레티노에이트', '마카다미아씨오일', '옥틸도데칸올', '하이드롤라이즈드콜라겐', '하이드롤라이즈드하이알루로닉애씨드', '말토덱스트린', '글라이코리피드', '유채스테롤', '포스파티딜콜린', '콜레스테롤', '알루미늄', '마그네슘하이드록사이드스테아레이트', '펜타에리스리틸테트라-다이-t-부틸하이드록시하이드로신나메이트', '자이모모나스발효추출물', '진주추출물', '하이드록시데실유비퀴논', '시트레이트', '페룰릭애씨드', '꿀추출물', '팔미토일펜타펩타이드-43.', '블랙스네일', '리프팅', '마스크정제수', '하이드록시아세토페논', '세틸에틸헥사노에이트', '소듐폴리아크릴로일다이메틸타우레이트', '폴리글리세릴-10아이소스테아레이트', '폴리글리세릴-10올리에이트', '소듐파이테이트', '글루코노락톤', '백미꽃추출물', '접시꽃추출물', '수용성콜라겐', '알지닌', '팔미토일펜타펩타이드-4']"
19,에스트라,에스트라 에이시카365 흔적진정세럼,"['정제수', '글리세린', '부틸렌글라이콜', '다이프로필렌글라이콜', '베타인', '나이아신아마이드', '1-헥산다이올', '2-헥산다이올', '변성알코올', '스쿠알란', '다이에톡시에틸석시네이트', '폴리글리세릴-10스테아레이트', '수크로오스스테아레이트', '글리세릴폴리메타크릴레이트', '폴리글리세릴-10라우레이트', '피토스테롤', '카프릴릴메티콘', '카보머', '하이드로제네이티드레시틴', '하이드로제네이티드포스파티딜콜린', '트로메타민', '에틸헥실글리세린', '잔탄검', '프로판다이올', '셀룰로오스검', '다이소듐이디티에이', '마데카소사이드', '베타-글루칸', '토코페롤']"
20,파티온,파티온 노스카나인 트러블 흔적 앰플,"['쑥잎추출물', '메틸프로판다이올', '나이아신아마이드', '폴리글리세린-3', '정제수', '글리세린', '에리스리톨', '판테놀', '부틸렌글라이콜', '글리세레스-26', '트라넥사믹애씨드', '1-헥산다이올', '2-헥산다이올', '펜틸렌글라이콜', '자일리톨', '알란토인', '클로렐라', '불가리스추출물', '다이에톡시에틸석시네이트', '글루코오스', '옥틸도데세스-16', '인도멀구슬나무잎추출물', '하이드록시아세토페논', '암모늄아크릴로일다이메틸타우레이트', '브이피코폴리머', '하이드록시에틸우레아', '소듐폴리아크릴레이트', '프룩토올리고사카라이드', '프룩토오스', '징크피씨에이', '폴리글리세릴-10라우레이트', '인도멀구슬나무꽃추출물', '에틸헥실글리세린', '알파-알부틴', '다이포타슘글리시리제이트', '소듐헤파린', '메틸다이아이소프로필프로피온아마이드', '덱스트린', '카카오추출물', '홀리바질잎추출물', '소듐하이알루로네이트', '울금뿌리추출물', '참산호말추출물', '베타-글루칸', '토코페롤', '카페인', '페룰릭애씨드', '글루타티온', '인디안구스베리열매추출물', '호동씨오일', '포도세포추출물', '당호박추출물', '다이프로필렌글라이콜', '하이드로제네이티드레시틴', '폴리글리세릴-10스테아레이트', '카카두플럼추출물', '케이프알로에잎추출물', '밤부사', '불가리스수', '소듐아스코빌포스페이트', '토코페릴아세테이트', '글리세릴아라키도네이트', '글리세릴리놀리네이트', '바이오틴', '레티닐팔미테이트쑥잎추출물', '아크릴레이트', 'C10-30알킬아크릴레이트크로스폴리머', '트로메타민', '병풀추출물', '석시닉애씨드', '잔탄검', '사과추출물', '카프릴릴', '카프릴글루코사이드', '세라마이드엔피']"
21,아누아,아누아 어성초 77 수딩 토너,"['정제수', '1-헥산다이올', '2-헥산다이올', '글리세린', '베타인', '병풀추출물', '체이스트트리추출물', '우엉뿌리추출물', '진흙버섯추출물', '쇠비름추출물', '포도추출물', '사과추출물', '사탕수수추출물', '판테놀', '마트리카리아꽃추출물', '소듐하이알루로네이트', '하이드록시프로필트라이모늄하이알루로네이트', '하이드롤라이즈드하이알루로닉애씨드', '소듐아세틸레이티드하이알루로네이트', '하이알루로닉애씨드', '소듐하이알루로네이트크로스폴리머', '포타슘하이알루로네이트', '메틸프로판다이올', '부틸렌글라이콜', '아이소펜틸다이올', '아크릴레이트', 'C10-30알킬아크릴레이트크로스폴리머', '트로메타민', '다이소듐이디티에이']"
22,라로슈포제,라로슈포제 NEW 시카플라스트 밤B,"['정제수', '하이드로제네이티드폴리아이소부텐', '다이메티콘', '글리세린', '시어버터', '판테놀', '옥수수전분', '프로판다이올', '부틸렌글라이콜', '세틸피이지', '피피지-10', '1다이메티콘', '트라이하이드록시스테아린', '병풀잎추출물', '야콘뿌리즙', '징크글루코네이트', '마데카소사이드', '망가니즈글루코네이트', '알파-글루칸올리고사카라이드', '실리카', '알루미늄하이드록사이드', '마그네슘설페이트', '만노오스', '카프릴로일글라이신', '카프릴릴글라이콜', '비트레오스실라발효물', '시트릭애씨드', '트라이소듐에틸렌다이아민다이석시네이트', '락토바실러스', '아세틸레이티드글라이콜스테아레이트', '말토덱스트린', '폴리글리세릴-4아이소스테아레이트', '토코페롤', '펜타에리스리틸테트라-다이-t-부틸하이드록시하이드로신나메이트', '티타늄디옥사이드']"
23,넘버즈인,넘버즈인 5번 글루타치온C 흔적 앰플,"['월귤추출물', '부틸렌글라이콜', '나이아신아마이드', '판테놀', '트라넥사믹애씨드', '정제수', '1-헥산다이올', '2-헥산다이올', '네오펜틸글라이콜다이카프레이트', '카프릴릭', '카프릭트라이글리세라이드', '솔비톨', '비피다발효용해물', '아이리쉬모스추출물', '시어버터', '사탕수수추출물', '알파-알부틴', '소듐하이알루로네이트', '인도멀구슬나무꽃추출물', '홀리바질잎추출물', '인도멀구슬나무잎추출물', '울금뿌리추출물', '참산호말추출물', '흰목이버섯추출물', '펜틸렌글라이콜', '글리세린', '3-O-에틸아스코빅애씨드', '비사보롤', '트로메타민', '에틸헥실글리세린', '아데노신', '하이드로제네이티드레시틴', '알란토인', '세라마이드엔피', '베타-글루칸', '다이포타슘글리시리제이트', '토코페롤', '토코페릴아세테이트', '하이드록시프로필사이클로덱스트린', '유비퀴논', '티옥틱애씨드', '포타슘하이드록사이드', '베헤닐알코올', '카보머', '잔탄검', '다이소듐이디티에이']"
24,달바,달바 화이트 트러플 더블 세럼 앤 크림,"['정제수', '프로판다이올', '1-헥산다이올', '2-헥산다이올', '글리세린', '판테놀', '다시마추출물', '한련초잎추출물', '병풀추출물', '무화과추출물', '인도멀구슬나무잎추출물', '인도멀구슬나무꽃추출물', '울금뿌리추출물', '캐모마일꽃추출물', '트루로즈오브예리코추출물', '포트마리골드꽃추출물', '맥아추출물', '홀리바질잎추출물', '참산호말추출물', '하이드로제네이티드레시틴', '소듐하이알루로네이트', '아크릴레이트', 'C10-30알킬아크릴레이트크로스폴리머', '옥틸도데세스-16', '부틸렌글라이콜', '트로메타민', '다이소듐이디티에이', '아데노신', '프룩토올리고사카라이드', '글리세릴폴리메타크릴레이트', '베타-글루칸', '소듐폴리아크릴레이트', '피브이엠', '엠에이코폴리머', '하이드롤라이즈드하이알루로닉애씨드', '세라마이드엔피', '토코페롤', '향료', '에틸헥실글리세린', '하이드로제네이티드폴리데센', '카프릴릭', '카프릭트라이글리세라이드', '페닐트라이메티콘', '베타인', '폴리글리세릴-3메틸글루코오스다이스테아레이트', '사이클로헥사실록세인', '세틸알코올', '퀸즈랜드넛오일', '피토스테릴', '이소스테아릴', '세틸', '스테아릴', '베헤닐다이머디리놀리에이트', '글리세릴스테아레이트', '베헤닐알코올', '트레할로오스', '펜타에리스리틸다이스테아레이트', '콜라겐추출물', '연꽃꽃추출물', '장미추출물', '커먼자스민추출물', '나팔수선화추출물', '마돈나백합비늘줄기추출물', '블루플래그아이리스추출물', '프리지어추출물', '지모뿌리추출물', '달맞이꽃오일', '돌콩오일', '동백나무씨오일', '마카다미아씨오일', '비타민나무열매오일', '아보카도오일', '올리브오일', '해바라기씨오일', '암모늄아크릴로일다이메틸타우레이트', '브이피코폴리머', '폴리글리세릴-10라우레이트', '소듐스테아로일글루타메이트', '글루코오스', '만노오스', '시어버터', '하이드로제네이티드폴리아이소부텐', '하이드록시아세토페논']"
25,넘버즈인,넘버즈인 3번 보들보들 결 세럼,"['부틸렌글라이콜', '메틸글루세스-20', '정제수', '나이아신아마이드', '피이지-90', '1-헥산다이올', '2-헥산다이올', '글리세린', '스쿠알란', '알테로모나스발효추출물', '실크추출물', '염소유추출물', '소듐하이알루로네이트', '판테놀', '아데노신', '글리세레스-26', '잔탄검', '폴리글리세릴-3다이스테아레이트', '글리세릴스테아레이트에스이', '글리세릴스테아레이트시트레이트', '폴리글리세릴-3메틸글루코오스다이스테아레이트', '카보머', '트로메타민', '에틸헥실글리세린', '카프릴릴글라이콜', '트로폴론', '다이소듐이디티에이정제수', '페퍼민트잎추출물', '버지니아풍년화추출물', '녹차추출물', '캐모마일꽃추출물', '레몬그라스잎오일', '솔잣나무가지', '잎오일', '오렌지껍질오일', '라벤더오일', '로즈마리잎오일', '아틀라스시다나무껍질오일', '옥틸도데세스-16', '에탄올', '다이소듐이디티에이', '리모넨', '리날룰', '시트랄']"
26,코스알엑스,코스알엑스 더 레티놀 0 1 크림,"['정제수', '카프릴릭', '카프릭트라이글리세라이드', '프로판다이올', '글리세린', '토코페릴아세테이트', '세테아릴알코올', '트레할로오스', '판테놀', '시어버터', '돌콩오일', '암모늄아크릴로일다이메틸타우레이트', '브이피코폴리머', '다이메티콘', '글리세릴폴리메타크릴레이트', '해바라기씨오일', '폴리글리세릴-10스테아레이트', '하이드로제네이티드레시틴', '하이드록시에틸아크릴레이트', '소듐아크릴로일다이메틸타우레이트코폴리머', '카보머', '트로메타민', '글리세릴스테아레이트', '폴리실리콘-11', '소듐설파이트', '토코페롤', '당근추출물', '알란토인', '글리세릴카프릴레이트', '쌀겨왁스', '토코트라이엔올', '스테아릭애씨드', '폴리글리세릴-3메틸글루코오스다이스테아레이트', '팔미틱애씨드', '다이소듐이디티에이', '에틸헥실글리세린', '아데노신', '솔비탄아이소스테아레이트', '오일팜오일', '비에이치티', '베타-카로틴', '미리스틱애씨드', '라우릭애씨드', '아스코빅애씨드', '메도우폼씨오일', '3-O-에틸아스코빅애씨드', '글루타티온', '소듐하이알루로네이트', '1-헥산다이올', '2-헥산다이올', '하이드롤라이즈드하이알루로닉애씨드', '소듐하이알루로네이트크로스폴리머', '하이알루로닉애씨드', '소듐아세틸레이티드하이알루로네이트']"
27,라네즈,라네즈 워터뱅크 크림 중건성용,"['정제수', '부틸렌글라이콜', '글리세린', '스쿠알란', '수크로오스폴리스테아레이트', '펜타에리스리틸테트라에틸헥사노에이트', '메틸트라이메티콘', '다이부틸아디페이트', '1-헥산다이올', '2-헥산다이올', '글리세릴스테아레이트', '폴리글리세릴-3메틸글루코오스다이스테아레이트', '비스-하이드록시에톡시프로필다이메티콘', '스테아릴다이메티콘', '카프릴릭', '카프릭', '미리스틱', '스테아릭트라이글리세라이드', '스테아릭애씨드', '팔미틱애씨드', '하이드로제네이티드폴리아이소부텐', '하이드록시에틸아크릴레이트', '소듐아크릴로일다이메틸타우레이트코폴리머', '세틸알코올', '프로판다이올', '옥타데센', '아크릴레이트', 'C10-30알킬아크릴레이트크로스폴리머', '향료', '잔탄검', '글리세릴카프릴레이트', '덱스트린', '트로메타민', '에틸헥실글리세린', '다이소듐이디티에이', '솔비탄아이소스테아레이트', '알란토인', '하이드롤라이즈드', '베타-글루칸', '세라마이드엔피', '미리스틱애씨드', '아라키딕애씨드', '락토바실러스발효용해물', '토코페롤', '미역추출물']"
28,아이디얼포맨,아이디얼 포 맨 퍼펙트 올인원 탄력,"['정제수', '글리세린', '메틸트라이메티콘', '메틸프로판다이올', '에틸헥실스테아레이트', '에탄올', '1-헥산다이올', '2-헥산다이올', '나이아신아마이드', '폴리글리세릴-3다이스테아레이트', '다시마추출물', '한련초잎추출물', '병풀추출물', '무화과추출물', '올레라케아아크멜라추출물', '당느릅나무뿌리추출물', '줄맨드라미씨추출물', '슈도알테로모나스발효추출물', '플랑크톤추출물', '하이드로제네이티드레시틴', '아르간커넬오일', '글리세릴스테아레이트', '트레할로오스', '알지닌', '카보머', '글리세릴스테아레이트시트레이트', '부틸렌글라이콜', '판테놀', '소듐스테아로일글루타메이트', '아데노신', '다이메티콘', '베헤닐알코올', '스쿠알란', '하이드로제네이티드폴리아이소부텐', '세테아릴알코올', '다이소듐이디티에이', '베타인', '프룩토올리고사카라이드', '아이소노닐아이소노나노에이트', '폴리글리세릴-10스테아레이트', '글리세릴스테아레이트에스이', '베타-글루칸', '스테아릭애씨드', '시어버터', '폴리글리세릴-2다이폴리하이드록시스테아레이트', '콜레스테롤', '하이드롤라이즈드하이알루로닉애씨드', '세라마이드엔피', '이눌린라우릴카바메이트', '잔탄검', '다이소듐스테아로일글루타메이트', '세린', '알라닌', '프롤린', '해수', '소듐포스페이트', '마데카소사이드', '소듐하이드록사이드', '아세틸헥사펩타이드-8', '에틸헥실글리세린', '카프릴릴글라이콜', '향료', '부틸페닐메틸프로피오날', '리모넨', '메틸글루세스-20', '펜틸렌글라이콜', '하이드로제네이티드식물성오일', '호호바에스터', '클로렐라', '불가리스추출물', '인도멀구슬나무꽃추출물', '홀리바질잎추출물', '인도멀구슬나무잎추출물', '울금뿌리추출물', '참산호말추출물', '하이드롤라이즈드콜라겐', '소듐하이알루로네이트', '애플민트잎추출물', '녹차추출물', '타임잎추출물', '하이알루로닉애씨드', '프로판다이올', '비닐다이메티콘', '다이아이소스테아릴말레이트', '폴리메틸실세스퀴옥세인', '세테아릴올리베이트', '솔비탄올리베이트', '하이드록시에틸아크릴레이트', '소듐아크릴로일다이메틸타우레이트코폴리머', '아크릴레이트', 'C10-30알킬아크릴레이트크로스폴리머', '암모늄아크릴로일다이메틸타우레이트', '브이피코폴리머', '글루코오스', '실리카', '트로메타민', '카프릴릭', '카프릭트라이글리세라이드', '다이포타슘글리시리제이트', '프룩토오스', '소듐파이테이트', '솔비탄아이소스테아레이트', '레시틴', '토코페롤', '글라이신', '글루타믹애씨드', '하이드록시프로필트라이모늄하이알루로네이트', '아스파틱애씨드', '류신', '라이신', '타이로신', '페닐알라닌', '트레오닌', '발린', '아이소류신', '히스티딘', '시스테인', '메티오닌', '아스코빅애씨드폴리펩타이드', '소듐아세틸레이티드하이알루로네이트', '하이드롤라이즈드소듐하이알루로네이트', '소듐하이알루로네이트크로스폴리머', '포타슘하이알루로네이트', '아세틸옥타펩타이드-3', '아세틸테트라펩타이드-2', '아세틸테트라펩타이드-3', '아세틸테트라펩타이드-5', '아세틸테트라펩타이드-9', '카르노신', '카퍼트라이펩타이드-1', '노나펩타이드-1', '팔미토일펜타펩타이드-4', '팔미토일트라이펩타이드-1', '팔미토일트라이펩타이드-5', '리날룰', '카라멜']"
29,피지오겔,피지오겔 DMT포맨,"['정제수', '글리세린', '부틸렌글라이콜', '카프릴릴메티콘', '트레할로오스', '1-헥산다이올', '2-헥산다이올', '다이페닐실록시페닐트라이메티콘', '하이드록시에틸우레아', '하이드로제네이티드레시틴', '아크릴레이트', 'C10-30알킬아크릴레이트크로스폴리머', '암모늄아크릴로일다이메틸타우레이트', '브이피코폴리머', '다이메티콘', '페닐비닐다이메티콘크로스폴리머', '트로메타민', '나이아신아마이드', '판테놀', '글리세릴아크릴레이트', '아크릴릭애씨드코폴리머', '트라이소듐이디티에이', '베타-글루칸', '카프릴릭', '카프릭트라이글리세라이드', '스쿠알란', '병풀추출물', '하이드롤라이즈드소듐하이알루로네이트', '다이포타슘글리시리제이트', '세라마이드엔피', '카퍼트라이펩타이드-1', '다이프로필렌글라이콜', '펜타에리스리틸테트라에틸헥사노에이트', '헥실데실에틸헥사노에이트', '변성알코올', '알지닌', '피토스테롤', '세린', '베타인', '사이클로펜타실록세인', '소듐하이알루로네이트', '소듐피씨에이']"
30,아비브,아비브 부활초 비피다 세럼 퍼밍 드롭,"['정제수', '트루로즈오브예리코추출물', '부틸렌글라이콜', '글리세린', '카프릴릭', '카프릭트라이글리세라이드', '1-헥산다이올', '2-헥산다이올', '나이아신아마이드', '메틸프로판다이올', '비피다발효용해물', '마카다미아씨오일', '메도우폼씨오일', '락토바실러스발효물', '시어버터', '퀸즈랜드넛오일', '올리브오일', '호호바씨오일', '포도씨오일', '소듐하이알루로네이트', '카카오추출물', '비피다발효여과물', '수용성콜라겐', '판테놀', '펜틸렌글라이콜', '하이드로제네이티드레시틴', '소듐폴리아크릴로일다이메틸타우레이트', '스쿠알란', '하이드로제네이티드폴리데센', '수크로오스팔미테이트', '트라이아이소스테아린', '트로메타민', '프로판다이올', '에틸헥실글리세린', '아데노신', '소듐다이라우미도글루타미드라이신', '글루코실루틴', '세라마이드엔피', '폴리글리세릴-10라우레이트', '폴리글리세릴-3메틸글루코오스다이스테아레이트', '덱스트린', '베타-글루칸', '소듐아스코빌포스페이트', '토코페롤', '바쿠치올', '트레할로오스', '다이프로필렌글라이콜', '피토스핑고신', '옥틸도데칸올', '포스파티딜콜린', '아시아티코사이드', '아시아틱애씨드', '글라이코리피드', '마데카식애씨드', '팔미토일트라이펩타이드-5', '솔비톨', '카보머', '잔탄검']"
31,에스트라,에스트라 아토베리어365 크림,"['정제수', '글리세린', '부틸렌글라이콜', '부틸렌글라이콜다이카프릴레이트', '다이카프레이트', '펜타에리스리틸테트라아이오스테아레이트', '사이클로펜타실록세인', '스쿠알란', '세틸에틸헥사노에이트', '베헤닐알코올', '스테아릭애씨드', '하이드록시프로필비스팔미타마이드엠이에이', '사이클로헥사실록세인', 'C14-22알코올', '하이드록시프로필비스라우라마이드엠에이', '만니톨', '아라키딜알코올', '콜레스테롤', '폴리아크릴레이트-13', '알란토인', '카나우바왁스추출물', 'C12-20알킬글루코사이드', '아라키딜글루코사이드', '다이메틴콘올', '폴리아이소부텐', '피토스핑고신', '글리세릴카프릴레이트', '아크릴레이트', '암모늄메타크릴레이트코폴리머', '카보머', '트로메타민', '에틸헥실글리세린', '실리카', '폴리솔베이트20', '솔비탄아이소스테아레이트', '글루코오스', '아라키딕애씨드', '팔미틱애씨드', '소목줄기가루', '올레익애씨드', '토코페롤']"
32,라운드랩,라운드랩 1025 독도 토너 대용량 리필기획,"['정제수', '부틸렌글라이콜', '글리세린', '펜틸렌글라이콜', '프로판다이올', '아이리쉬모스추출물', '사탕수수추출물', '해수', '1-헥산다이올', '2-헥산다이올', '프로테아제', '베타인', '판테놀', '에틸헥실글리세린', '알란토인', '잔탄검', '다이소듐이디티에이정제수', '다이프로필렌글라이콜', '검정콩추출물', '세라마이드에이피', '세라마이드엔피', '스테아릭애씨드', '콜레스테롤', '당느릅나무뿌리추출물', '줄맨드라미씨추출물', '하이드로제네이티드레시틴', '소듐하이알루로네이트', '펜타에리스리틸테트라에틸헥사노에이트', '헥실데실에틸헥사노에이트', '아크릴레이트', 'C10-30알킬아크릴레이트크로스폴리머', '세테아릴올리베이트', '솔비탄올리베이트', '트로메타민', '아데노신', '다이소듐이디티에이', '폴리글리세릴-10스테아레이트', '카프릴릭', '카프릭트라이글리세라이드', '글라이코스핑고리피드', '글리세릴스테아레이트', '세테아릴알코올', '테트라아세틸피토스핑고신', '하이드록시아세토페논']"
33,피지오겔,피지오겔 사이언수티컬즈 데일리뮨 앰플 세럼,"['정제수', '다이프로필렌글라이콜', '프로판다이올', '아스코빅애씨드', '2-부탄다이올', '3-부탄다이올', '글리세린', '변성알코올', '판테놀', '글라이코실트레할로오스', '하이드로제네이티드스타치하이드롤리세이트', '1-헥산다이올', '2-헥산다이올', '솔비톨', '폴리글리세릴-10스테아레이트', '폴리글리세릴-10올리에이트', '알란토인', '마데카소사이드', '트레할로오스', '부틸렌글라이콜', '베티버뿌리오일', '덱스트린', '소듐하이알루로네이트', '잇꽃꽃추출물', '카카오씨추출물', '후추열매오일', '생강오일', '홍삼추출물', '영지버섯추출물', '토코페롤', '페룰릭애씨드', '스쿠알란', '카프릴릭', '카프릭트라이글리세라이드', '세라마이드엔피', '하이드로제네이티드레시틴', '육계잎오일', '다마스크장미꽃오일', '돌콩오일', '다이소듐이디티에이', '트로메타민']"
34,아누아,아누아 어성초 77토너,"['정제수', '1-헥산다이올', '2-헥산다이올', '글리세린', '베타인', '병풀추출물', '체이스트트리추출물', '우엉뿌리추출물', '진흙버섯추출물', '쇠비름추출물', '포도추출물', '사과추출물', '사탕수수추출물', '판테놀', '마트리카리아꽃추출물', '소듐하이알루로네이트', '하이드록시프로필트라이모늄하이알루로네이트', '하이드롤라이즈드하이알루로닉애씨드', '소듐아세틸레이티드하이알루로네이트', '하이알루로닉애씨드', '소듐하이알루로네이트크로스폴리머', '포타슘하이알루로네이트', '메틸프로판다이올', '부틸렌글라이콜', '아이소펜틸다이올', '아크릴레이트', 'C10-30알킬아크릴레이트크로스폴리머', '트로메타민', '다이소듐이디티에이', '약모밀추출물', '카프릴릭', '카프릭트라이글리세라이드', '세테아릴알코올', '식물성스쿠알란', '다시마추출물', '한련초잎추출물', '무화과추출물', '당느릅나무뿌리추출물', '줄맨드라미씨추출물', '하이드로제네이티드레시틴', '글리세릴스테아레이트', '세테아릴글루코사이드', '소듐스테아로일글루타메이트', '카보머', '시어버터', '알지닌', '프룩토올리고사카라이드', '베타-글루칸', '글루코오스', '세라마이드엔피', '에틸헥실글리세린']"
35,라로슈포제,라로슈포제 시카플라스트 멀티 리페어 크림,"['정제수', '다이카프릴릴에터', '판테놀', '글리세린', '펜틸렌글라이콜', '폴리글리세릴-6다이스테아레이트', '프로판다이올', '세틸에스터', '호호바에스터', '베헤닐알코올', '그린와틀꽃왁스', '해바라기씨왁스', '병풀잎추출물', '야콘뿌리즙', '솔비탄올리에이트', '징크글루코네이트', '마데카소사이드', '세테아릴아이소노나노에이트', '망가니즈글루코네이트', '아이소헥사데칸', '알파-글루칸올리고사카라이드', '소듐하이알루로네이트', '소듐스테아로일글루타메이트', '아데노신', '만노오스', '카퍼글루코네이트', '하이드록시아세토페논', '하이드록시프로필스타치포스페이트', '카프릴로일살리실릭애씨드', '비트레오스실라발효물', '시트릭애씨드', '트라이소듐에틸렌다이아민다이석시네이트', '락토바실러스', '말토덱스트린', '폴리글리세린-3', '폴리글리세릴-3비즈왁스', '폴리솔베이트80', '아크릴아마이드', '소듐아크릴로일다이메틸타우레이트코폴리머', '세틸알코올', '토코페롤']"
36,AHC,AHC 텐 레볼루션 리얼 아이크림 포 페이스,"['하이드롤라이즈드콜라겐추출물', '글리세린', '다이프로필렌글라이콜', '비피다발효용해물', '하이드로제네이티드폴리데센', '사이클로헥사실록세인', '카프릴릭', '카프릭트라이글리세라이드', '다이카프릴릴카보네이트', '정제수', '나이아신아마이드', '카프릭', '석시닉트라이글리세라이드', '세테아릴알코올', '1-헥산다이올', '2-헥산다이올', '글리세릴스테아레이트에스이', '펜타에리스리틸스테아레이트', '카프레이트', '카프릴레이트', '아디페이트', '세틸알코올', '시어버터', '베타인', '황벽나무껍질추출물', '녹차추출물', '구기자나무잎추출물', '병풀추출물', '무화과추출물', '참마뿌리추출물', '쌀추출물', '알로에베라잎추출물', '콜라겐추출물', '슈도알테로모나스발효추출물', '올레라케아아크멜라추출물', '코튼씨추출물', '토마토추출물', '아보카도열매추출물', '마카뿌리추출물', '퉁퉁마디추출물', '실론시나몬나무껍질추출물', '바실러스', '폴릭애씨드발효여과추출물', '씨대퍼딜추출물', '알바수련꽃추출물', '밀펩타이드', '리마콩씨추출물', '하이드로제네이티드레시틴', '코코넛야자오일', '마카다미아씨오일', '소듐하이알루로네이트', '수용성콜라겐', '녹차수', '쌀배아오일', '호호바씨오일', '폴리글리세릴-10미리스테이트', '세테아릴올리베이트', '솔비탄올리베이트', '메틸프로판다이올', '폴리글리세릴-10라우레이트', '다이메티콘', '비닐다이메티콘크로스폴리머', '폴리아크릴레이트-13', '소듐스테아로일글루타메이트', '베헤닐알코올', '폴리글리세릴-10스테아레이트', '비닐다이메티콘', '부틸렌글라이콜', '칸디다', '봄비콜라', '글루코오스', '메틸레이프씨데이트발효물', '하이드로제네이티드폴리아이소부텐', '알란토인', '글라이코실트레할로오스', '판테놀', '하이드로제네이티드스타치하이드롤리세이트', '잔탄검', '아데노신', '라피노오스', '콜레스테롤', '에틸헥실팔미테이트', '다이소듐이디티에이', '마이크로코쿠스발효용해물', '솔비탄아이소스테아레이트', '레시틴', '프로판다이올', '세라마이드엔피', '폴리쿼터늄-51', '소듐라우레이트', '이눌린라우릴카바메이트', '라우릭애씨드', '사이아노코발아민', '트로메타민', '포타슘세틸포스페이트', '하이드롤라이즈드콜라겐', '콜라겐수', '토코페릴아세테이트', '바이오사카라이드검-1', '자일리틸글루코사이드', '스키조사카로미세스발효여과물', '안하이드로자일리톨', '자일리톨', '코코일하이드롤라이즈드콜라겐', '펜타에리스리틸테트라아이소스테아레이트', '글라이코리피드', '솔비탄라우레이트', '소듐팔미토일프롤린', '카프릴로일글라이신', '포타슘코코일하이드롤라이즈드콜라겐', '말토덱스트린', '헥실렌글라이콜', '스쿠알란', '아스코빌프로필하이알루로네이트', '하이드록시에틸셀룰로오스', '하이드롤라이즈드루핀단백질', '콜라겐', '에칠아스코빌에텔', '록샘파이어캘러스배양여과물', '테트라하이드로피페린', '아스코빅애씨드폴리펩타이드', '콜라겐아미노산', '만니톨', '락틱애씨드', '사코신', '아세틸다이펩타이드-1세틸에스터', '사카라이드하이드롤리세이트', '하이드롤라이즈드식물성단백질', '세틸하이드록시에틸셀룰로오스', '다이펩타이드다이아미노부티로일벤질아마이드다이아세테이트', '루틴', '실리카다이메틸실릴레이트', '락토바실러스발효물', '다이메틸실란올하이알루로네이트', '하이드롤라이즈드하이알루로닉애씨드', '하이드롤라이즈드소듐하이알루로네이트', '아세틸테트라펩타이드-9', '알라닌', '알지닌', '아스파라진', '아스파틱애씨드', '시트룰린', '시스테인', '글루타믹애씨드', '글루타민', '글라이신', '히스티딘', '아이소류신', '류신', '라이신', '메티오닌', '오르니틴', '페닐알라닌', '프롤린', '세린', '타우린', '트레오닌', '트립토판', '타이로신', '발린', '팔미토일트라이펩타이드-5', '3-아스코빌카보닐다이펩타이드-17', '카프릴로일다이펩타이드-17', '아세틸글루타민', '헵타소듐헥사카복시메틸다이펩타이드-12', '다이포타슘포스페이트', '하이알루로닉애씨드', '포타슘하이알루로네이트', '판토테닉애씨드', '소듐하이알루로네이트크로스폴리머', '하이드록시프로필트라이모늄하이알루로네이트', '아세틸헥사펩타이드-8', '글루코노락톤', '소듐콘드로이틴설페이트', '팔미틱애씨드', '돌콩펩타이드', '효모폴리펩타이드', '소듐하이알루로네이트다이메틸실란올', '스테아릭애씨드', '소듐아세틸레이티드하이알루로네이트', '아텔로콜라겐', '팔미토일테트라펩타이드-7', '팔미토일트라이펩타이드-1', '카프릴로일에스에이치-노나펩타이드-6', '알-소폴리펩타이드-1', '귀리펩타이드', '콩폴리펩타이드', '소듐아스코빌포스페이트', '마그네슘아스코빌포스페이트', '아세틸옥타펩타이드-3', '아세틸테트라펩타이드-11', '칼슘글루코네이트', '다이펩타이드-2', '카퍼트라이펩타이드-1', '아세틸테트라펩타이드-3', '아세틸트라이펩타이드-1', '노나펩타이드-1', '아세틸테트라펩타이드-2', '아세틸테트라펩타이드-5', '트라이펩타이드-1', '헥사펩타이드-2', '헥사펩타이드-9', '트라이펩타이드-2', '다이펩타이드-1', '펜타펩타이드-3', '트라이펩타이드-3', '라이신폴리펩타이드카퍼에이치씨엘', '다이펩타이드-4', '올리고펩타이드-6', '레티닐팔미테이트', '바이오틴', '아스코빅애씨드', '리보플라빈', '티아민에이치씨엘', '폴릭애씨드', '피리독신', '메나다이온', '미리스틱애씨드', '팔미토일펜타펩타이드-4', '팔미토일헥사펩타이드-12', '팔미토일다이펩타이드-7', '에스에이치-올리고펩타이드-1', '에스에이치-폴리펩타이드-1', '에스에이치-올리고펩타이드-2', '에스에이치-폴리펩타이드-3', '에스에이치-폴리펩타이드-4', '에스에이치-폴리펩타이드-9', '에스에이치-폴리펩타이드-11', '에스에이치-폴리펩타이드-14', '에스에이치-폴리펩타이드-16', '에스에이치-폴리펩타이드-22', '피토스테릴', '베헤닐', '옥틸도데실라우로일글루타메이트', '폴리솔베이트80', '하이드록시아세토페논', '에틸헥실글리세린', '카프릴릴글라이콜', '펜틸렌글라이콜', '소듐벤조에이트', '향료']"
37,디마르3,디마르3 시그니처 에스투드 프로텍터 대용량 모공교정 앰플,"['병풀추출물', '글리세린', '메틸프로판다이올', '글리세레스-26', '정제수', '1-헥산다이올', '2-헥산다이올', '나이아신아마이드', '베타인', '에탄올', '트레할로오스', '판테놀', '세라마이드엔피', '소듐하이알루로네이트', '무화과추출물', '락토바실러스', '콩발효추출물', '에델바이스꽃', '잎추출물', '황금추출물', '편백잎추출물', '피토스핑고신', '오레가노잎추출물', '스피드웰꽃', '스피잎추출물', '스피줄기추출물', '당아욱꽃', '당아잎추출물', '당아줄기추출물', '레몬밤잎추출물', '아데노신', '레이디스맨틀꽃', '레이잎추출물', '레이줄기추출물', '흰버드나무껍질추출물', '육계나무껍질추출물', '엘더꽃추출물', '쇠비름추출물', '소엽맥문동뿌리추출물', '서양톱풀꽃', '서양잎추출물', '서양줄기추출물', '페루기네움철쭉추출물', '페퍼민트잎추출물', '월귤잎추출물', '노티드랙추출물', '카우슬립꽃추출물', '하이드로제네이티드레시틴', '폴리글리세릴-10라우레이트', '카보머', '트로메타민', '셀룰로오스검', '글리세릴폴리메타크릴레이트', '다이소듐이디티에이', '카라멜', '프로필렌글라이콜', '아라비아고무나무검', '말토덱스트린', '시트릭애씨드', '화산재', '다이소듐포스페이트', '펜틸렌글라이콜', '카프릴릴글라이콜', '에틸헥실글리세린', '소듐벤조에이트', '포타슘솔베이트', '향료', '리날룰']"
38,바이오더마,바이오더마 하이드라비오 세럼 더블기획,"['정제수', '글리세린', '자일리톨', '소듐폴리아크릴레이트', '다이메티콘', '사이클로펜타실록세인', '페녹시에탄올', '클로페네신', '트라이데세스-6', '다이소듐이디티에이', '향료', '나이아신아마이드', '피이지', '피피지-18', '18다이메티콘', '프룩토올리고사카라이드', '만니톨', '소듐하이알루로네이트', '헥실데칸올', '카프릴릭', '카프릭트라이글리세라이드', '람노오스', '라미나리아', '오크롤레우카추출물', '사과씨추출물', '유채스테롤', '토코페롤']"
39,라로슈포제,라로슈포제 NEW 시카플라스트 밤B,"['정제수', '하이드로제네이티드폴리아이소부텐', '다이메티콘', '글리세린', '시어버터', '판테놀', '옥수수전분', '프로판다이올', '부틸렌글라이콜', '세틸피이지', '피피지-10', '1다이메티콘', '트라이하이드록시스테아린', '병풀잎추출물', '야콘뿌리즙', '징크글루코네이트', '마데카소사이드', '망가니즈글루코네이트', '알파-글루칸올리고사카라이드', '실리카', '알루미늄하이드록사이드', '마그네슘설페이트', '만노오스', '카프릴로일글라이신', '카프릴릴글라이콜', '비트레오스실라발효물', '시트릭애씨드', '트라이소듐에틸렌다이아민다이석시네이트', '락토바실러스', '아세틸레이티드글라이콜스테아레이트', '말토덱스트린', '폴리글리세릴-4아이소스테아레이트', '토코페롤', '펜타에리스리틸테트라-다이-t-부틸하이드록시하이드로신나메이트', '티타늄디옥사이드']"
40,메이크프렘,메이크프렘 엔드포어 베지티놀 타이트닝 세럼,"['정제수', '메틸프로판다이올', '프로판다이올', '1-헥산다이올', '2-헥산다이올', '부틸렌글라이콜', '나이아신아마이드', '글리세린', '콜라겐추출물', '인도멀구슬나무잎추출물', '인도멀구슬나무꽃추출물', '소듐하이알루로네이트', '홀리바질잎추출물', '카카오추출물', '울금뿌리추출물', '참산호말추출물', '수용성콜라겐', '펜틸렌글라이콜', '바쿠치올', '글리세릴폴리메타크릴레이트', '폴리글리세릴-10라우레이트', '암모늄아크릴로일다이메틸타우레이트', '브이피코폴리머', '카페인', '아크릴레이트', 'C10-30알킬아크릴레이트크로스폴리머', '다이에톡시에틸석시네이트', '하이드로제네이티드레시틴', '하이드로제네이티드폴리아이소부텐', '판테놀', '트로메타민', '에틸헥실글리세린', '알란토인', '아데노신', '다이포타슘글리시리제이트', '글루코노락톤', '시트릭애씨드', '소듐파이테이트', '덱스트린', '베타-글루칸', '토코페롤', '사이아노코발아민', '유칼립투스잎오일', '발삼아미리스껍질오일', '멕시칸주니퍼오일', '스피어민트잎오일', '라벤더오일', '육두구커넬오일', '베르가모트오일']"
41,바이오힐보,바이오힐보 프로바이오덤 타이트닝 콜라겐 세럼,"['정제수', '글리세레스-26', '글리세린', '폴리글리세린-3', '부틸렌글라이콜', '1-헥산다이올', '2-헥산다이올', '네오펜틸글라이콜다이카프레이트', '나이아신아마이드', '트레할로오스', '하이드롤라이즈드콜라겐', '시어버터', '자일리틸글루코사이드', '락토바실러스발효물', '자일리톨', '동백나무꽃추출물', '바실러스발효물', '자일로오스', '리마콩씨추출물', '카프릴릭', '카프릭트라이글리세라이드', '펜틸렌글라이콜', '프로판다이올', '판테놀', '트로메타민', '안하이드로자일리톨', '알란토인', '다이포타슘글리시리제이트', '에틸헥실글리세린', '아데노신', '글루코오스', '세라마이드엔피', '소듐파이테이트', '수크로오스', '팔미토일트라이펩타이드-5', '토코페롤', '카프릴로일살리실릭애씨드', '마이크로코쿠스용해물', '프룩토오스', '다이펩타이드다이아미노부티로일벤질아마이드다이아세테이트', '세틸하이드록시에틸셀룰로오스', '루틴', '헥사펩타이드-2', '아세틸테트라펩타이드-5', '덱스트란', '트라이펩타이드-1', '팔미토일헥사펩타이드-12', '바이오틴', '아세틸헥사펩타이드-8', '팔미토일테트라펩타이드-7', '팔미토일트라이펩타이드-1', '헥사펩타이드-9', '팔미토일펜타펩타이드-4', '카퍼트라이펩타이드-1', '베헤닐알코올', '카보머', '다이소듐이디티에이', '향료']"
42,아이소이,아이소이 속보습  100시간 장수진 수분크림,"['정제수', '글리세린', '세틸에틸헥사노에이트', '카프릴릭', '카프릭트라이글리세라이드', '베타인', '마카다미아씨오일', '소듐하이알루로네이트', '하이드롤라이즈드하이알루로닉애씨드', '하이알루로닉애씨드', '소듐하이알루로네이트크로스폴리머', '하이드롤라이즈드글라이코사미노글리칸', '티트리잎추출물', '쇠비름추출물', '약모밀추출물', '판테놀', '피토스핑고신', '세라마이드엔피', '알지닌', '카보머', '흰버드나무껍질추출물', '오레가노잎추출물', '편백잎추출물', '락토바실러스', '콩발효추출물', '육계나무껍질추출물', '잔탄검', '솔비탄세스퀴올리에이트', '자몽껍질오일', '부틸렌글라이콜', '1-헥산다이올', '2-헥산다이올', '프로판다이올', '포트마리골드꽃추출물', '황금추출물', '모란뿌리추출물', '스페인감초뿌리추출물', '하이드로제네이티드레시틴', '리모넨']"
43,토리든,토리든 다이브인 저분자 히알루론산 토너,"['정제수', '부틸렌글라이콜', '다이프로필렌글라이콜', '1-헥산다이올', '2-헥산다이올', '글리세린', '베타인', '알란토인', '판테놀', '쇠비름추출물', '트레할로오스', '소듐하이알루로네이트', '소듐하이알루로네이트크로스폴리머', '하이드롤라이즈드소듐하이알루로네이트', '소듐아세틸레이티드하이알루로네이트', '2-부탄다이올', '3-부탄다이올', '펜틸렌글라이콜', '말라카이트추출물', '다이소듐이디티에이', '에틸헥실글리세린']"
44,코스알엑스,코스알엑스 더 비타민C23 세럼 더블기획,"['정제수', '아스코빅애씨드', '프로판다이올', '다이메티콘', '트로메타민', '판테놀', '에칠아스코빌에텔', '스쿠알란', '카페인', '소듐클로라이드', '소듐하이알루로네이트', '소듐설파이트', '다이소듐이디티에이', '글루타티온', '아데노신', '아세틸글루코사민', '치자추출물', '알란토인', '덱스트린', '토코트라이엔올', '토코페롤', '오일팜오일', '부틸렌글라이콜', '알지닌', '나이아신아마이드', '펜틸렌글라이콜', '변성알코올', '해바라기씨오일', '스페인감초뿌리추출물', '메틸트라이메티콘', '잇꽃씨오일', '동백나무씨오일', '당근추출물', '베타-카로틴']"
45,라운드랩,라운드랩 자작나무 수분 크림,"['정제수', '글리세린', '아이소노닐아이소노나노에이트', '아이소도데케인', '1-헥산다이올', '2-헥산다이올', '펜틸렌글라이콜', '폴리데센', '자작나무수액', '호호바에스터', '판테놀', '글리세릴글루코사이드', '아라비아고무나무검', '하이드롤라이즈드오크라추출물', '소듐하이알루로네이트', '하이알루로닉애씨드', '화이트루핀씨추출물', '드럼스틱씨추출물', '인도멀구슬나무잎추출물', '인도멀구슬나무꽃추출물', '아이비고드열매추출물', '알로에베라꽃추출물', '가지열매추출물', '홀리바질잎추출물', '참산호말추출물', '울금뿌리추출물', '아스코빅애씨드', '펜타에리스리틸테트라에틸헥사노에이트', '암모늄아크릴로일다이메틸타우레이트', '브이피코폴리머', '폴리글리세릴-3메틸글루코오스다이스테아레이트', '아크릴레이트', 'C10-30알킬아크릴레이트크로스폴리머', '트로메타민', '글리세릴아크릴레이트', '아크릴릭애씨드코폴리머', '에틸헥실글리세린', '아가', '다이포타슘글리시리제이트', '글리세릴카프릴레이트', '부틸렌글라이콜', '다이소듐이디티에이정제수', '다이프로필렌글라이콜', '자일리틸글루코사이드', '안하이드로자일리톨', '자일리톨', '글루코오스', '하이드롤라이즈드하이알루로닉애씨드', '알란토인', '알지닌', '헥실렌글라이콜', '하이드록시아세토페논', '다이소듐이디티에이', '잔탄검', '카보머']"
46,유세린,유세린 하이알루론 나이트 크림,"['정제수', '글리세린', '시어버터', '아이소프로필팔미테이트', '판테놀', '부틸렌글라이콜', '카프릴릭', '카프릭트라이글리세라이드', '세틸알코올', '글리세릴스테아레이트시트레이트', '하이드로제네이티드코코-글리세라이즈', '옥틸도데칸올', '스테아릴알코올', '돌콩배아추출물', '다이메티콘', '페녹시에탄올', '토코페롤', '카보머', '메틸메타크릴레이트크로스폴리머', '향료', '1-헥산다이올', '2-헥산다이올', '카프릴릴글라이콜', '소듐하이알루로네이트', '트라이소듐이디티에이', '소듐하이드록사이드', '아크릴레이트', 'C10-30알킬아크릴레이트크로스폴리머']"
47,차앤박,차앤박 프로폴리스 에너지 앰플 미스트,"['정제수', '프로판다이올', '글리세린', '1-헥산다이올', '2-헥산다이올', '다이메티콘', '소듐시트레이트', '부틸렌글라이콜', '베타인', '하이드로제네이티드레시틴', '솔비톨', '피이지-60하이드로제네이티드캐스터오일', '솔비탄세스퀴올리에이트', '시트릭애씨드', '센티드제라늄꽃오일', '펜틸렌글라이콜', '다이소듐이디티에이', '하이알루로닉애씨드', '판테놀', '하이드록시페닐프로파미도벤조익애씨드', '글루코노락톤', '락토바이오닉애씨드', '판토락톤', '아스코빌팔미테이트', '시트로넬올', '제라니올', '리날룰']"
48,라운드랩,라운드랩 소나무 진정 시카 앰플,"['소나무잎추출물', '부틸렌글라이콜', '다이프로필렌글라이콜', '글리세레스-26', '글리세린', '1-헥산다이올', '2-헥산다이올', '병풀추출물', '프로판다이올', '하이알루로닉애씨드', '하이드롤라이즈드하이알루로닉애씨드', '소듐하이알루로네이트', '에틸헥실글리세린', '정제수', '글라이코프로테인', '인도멀구슬나무잎추출물', '황련뿌리추출물', '인도멀구슬나무꽃추출물', '하이드록시아세토페논', '소듐시트레이트', '카프릴로일살리실릭애씨드', '다이소듐이디티에이', '잔탄검', '카보머', '트로메타민', '시트릭애씨드']"
49,에스트라,에스트라 리제덤365 밀도탄력 캡슐크림,"['정제수', '락토바실러스발효용해물', '부틸렌글라이콜', '글리세린', '다이메티콘', '프로판다이올', '세틸에틸헥사노에이트', '나이아신아마이드', '다이카프릴릴카보네이트', '비스-하이드록시에톡시프로필다이메티콘', '1-헥산다이올', '2-헥산다이올', 'C14-22알코올', '암모늄아크릴로일다이메틸타우레이트', '브이피코폴리머', '세테아릴올리베이트', '스테아릭애씨드', '아라키딜알코올', '글리세릴스테아레이트', '세테아릴알코올', '솔비탄올리베이트', '폴리아크릴레이트-13', '하이드록시프로필비스팔미타마이드엠이에이', '베헤닐알코올', '만니톨', '팔미틱애씨드', 'C12-20알킬글루코사이드', '아라키딜글루코사이드', '소듐스테아로일글루타메이트', '하이드로제네이티드폴리아이소부텐', '글리세릴카프릴레이트', '에틸헥실글리세린', '다이소듐이디티에이', '아데노신', '아크릴레이트', '암모늄메타크릴레이트코폴리머', '폴리글리세릴-10라우레이트', '에틸헥실팔미테이트', '카보머', '솔비탄아이소스테아레이트', '덱스트린', '카카오추출물', '티몰트라이메톡시신나메이트', '콜레스테롤', '실리카', '올레아놀릭애씨드', '3-O-에틸아스코빅애씨드', '토코페롤', '하이드롤라이즈드익스텐신', '호호바씨오일', '하이드로제네이티드레시틴']"
50,바이오힐보,바이오힐보 판테셀 리페어시카 크림,"['프로판다이올', '펜타에리스리틸테트라에틸헥사노에이트', '글리세린', '부틸렌글라이콜', '에틸헥실스테아레이트', '정제수', '병풀잎추출물', '마데카소사이드', '베타-시토스테롤', '아시아티코사이드', '아세틸헥사펩타이드-8', '아스코빅애씨드폴리펩타이드', '아세틸옥타펩타이드-3', '아세틸테트라펩타이드-2', '아세틸테트라펩타이드-3', '아세틸테트라펩타이드-5', '아세틸테트라펩타이드-9', '카퍼트라이펩타이드-1', '노나펩타이드-1', '팔미토일펜타펩타이드-4', '팔미토일트라이펩타이드-1', '팔미토일트라이펩타이드-5', '칸디다', '봄비콜라', '글루코오스', '메틸레이프씨데이트발효물', '해바라기씨오일', '메틸메타크릴레이트크로스폴리머', '펜틸렌글라이콜', '트라이에틸헥사노인', '다이카프릴릴카보네이트', '소듐폴리아크릴로일다이메틸타우레이트', '1-헥산다이올', '2-헥산다이올', '아크릴레이트', 'C10-30알킬아크릴레이트크로스폴리머', 'C12-20알킬글루코사이드', '다이포타슘글리시리제이트', '알란토인', '에틸헥실글리세린', '팔미틱애씨드', '글리세릴아크릴레이트', '아크릴릭애씨드코폴리머', '하이드로제네이티드레시틴', '소듐파이테이트', '트로메타민', '글리세릴카프릴레이트', '레시틴', '에스신', '다이프로필렌글라이콜', '토코페롤', '시트릭애씨드', '카르노신', 'C14-22알코올', '세테아릴알코올', 'C12-16알코올', '카보머']"
51,앰플엔,앰플엔 세라마이드샷 앰플,"['정제수', '부틸렌글라이콜', '글리세린', '프로판다이올', '다이글리세린', '베타-글루칸', '1-헥산다이올', '2-헥산다이올', '나이아신아마이드', '베타인', '메틸글루세스-20', '트레할로오스', '옥틸도데칸올', '아데노신', '연교추출물', '하이드로제네이티드레시틴', '세라마이드3', '알지닌', '알란토인', '유채스테롤', '콜레스테롤', '세라마이드2', '세라마이드1', '자일리틸글루코사이드', '하이드록시에틸아크릴레이트', '소듐아크릴로일다이메틸타우레이트코폴리머', '무수자일리톨', '잔탄검', '카보머', '자일리톨', '카프릴릴글라이콜', '마카다미아씨오일', '카프릴릭', '카프릭트라이글리세라이드', '피토스테릴', '베헤닐', '옥틸도데실라우로일글루타메이트', '폴리글리세릴-10올리에이트', '세틸포스페이트', '다이소듐이디티에이']"
52,리쥬란,리쥬란 힐러 턴오버 앰플 듀얼 이펙트,"['서양산딸기잎추출물', '스페인감초뿌리추출물', '포트마리골드꽃추출물', '알로에베라잎즙', '로우스위트블루베리추출물', '검은뽕나무열매추출물', '알부틴', '부틸렌글라이콜', '글리세린', '폴리솔베이트20', '하이드롤라이즈드디엔에이', '제로틴', '소듐하이알루로네이트', '카보머', '잔탄검', '아데노신', '토코페릴아세테이트', '나이아신아마이드', '비사보롤', '피이지-6', '정제수', '카프릴릴글라이콜', 'ㅔ틸헥실글리세린', '헥실렌글라이콜', '1-헥산다이올', '2-헥산다이올', '다이프로필렌글라이콜', '소듐클로라이드', '트레할로오스', '우레아', '세린', '펜틸렌글라이콜', '글리세릴폴리아크릴레이트', '알진', '풀루란', '다이소듐포스페이트', '포타슘포스페이트', '스쿠알란', '하이드로제네이티드레시틴', '세라마이드엔피', '올레익애씨드', '이눌린라우릴카바메이트', '콜레스테롤']"
53,코스알엑스,코스알엑스 풀핏 프로폴리스 라이트 앰플,"['프로폴리스추출물', '부틸렌글라이콜', '글리세린', '베타인', '1-헥산다이올', '2-헥산다이올', '결명씨추출물', '소듐하이알루로네이트', '하이드록시에틸셀룰로오스', '카보머', '판테놀', '알지닌']"
54,유세린,유세린 하이알루론 아이 크림,"['정제수', '글리세린', '부틸렌글라이콜다이카프릴레이트', '다이카프레이트', '디에칠아미노하이드록시벤조일헥실벤조에이트', '메틸프로판다이올', '합성비즈왁스', '베헤닐알코올', '에칠헥실트리아존', '하이드로제네이티드코코-글리세라이즈', '옥틸도데칸올', '스테아릴알코올', '세틸팔미테이트', '글리세릴스테아레이트시트레이트', '돌콩배아추출물', '알루미늄전분옥테닐석시네이트', '비스-에칠헥실옥시페놀메톡시페닐트리아진', '1-헥산다이올', '2-헥산다이올', '다이메티콘', '페녹시에탄올', '메틸메타크릴레이트크로스폴리머', '카보머', '에틸헥실글리세린', '소듐하이알루로네이트', '트라이소듐이디티에이', '소듐하이드록사이드']"
55,바이오더마,바이오더마 하이드라비오 토너,"['정제수', '글리세린', '폴리솔베이트20', '다이소듐이디티에이', '세트리모늄브로마이드', '향료', '나이아신아마이드', '자일리톨', '알란토인', '프룩토올리고사카라이드', '만니톨', '헥실데칸올', '소듐하이드록사이드', '시트릭애씨드', '람노오스', '사과씨추출물', '유채스테롤', '토코페롤']"
56,브링그린,브링그린 징크테카1 2 흔적세럼,"['정제수', '에톡시다이글라이콜', '메틸프로판다이올', '메틸글루세스-20', '1-헥산다이올', '2-헥산다이올', '나이아신아마이드', '병풀추출물', '티트리추출물', '티트리잎추출물', '티트리꽃', '티트잎추출물', '티트줄기추출물', '몰로키아잎추출물', '신선초추출물', '연꽃뿌리추출물', '오크라열매추출물', '참마뿌리추출물', '하이드로제네이티드레시틴', '티트리잎수', '티트리잎오일', '옥틸도데칸올', '옥틸도데세스-16', '아시아티코사이드', '마데카식애씨드', '글라이코리피드', '아시아틱애씨드', 'C12-13알케스-9', '카보머', '트로메타민', '피브이피', '소듐폴리아크릴레이트', '다이소듐이디티에이', '4-터피네올', '에틸헥실글리세린']"
57,듀이트리,듀이트리AC 컨트롤 딥 그린 카밍 에센스,"['병풀추출물', '정제수', '페퍼민트추출물', '글리세린', '다이프로필렌글라이콜', '프로판다이올', '나이아신아마이드', '부틸렌글라이콜', '1-헥산다이올', '2-헥산다이올', '피피지-13-데실테트라데세스-24', '카보머', '하이드록시아세토페논', '트로메타민', '카프릴릴글라이콜', '시트릭애씨드', '아데노신', '에틸헥실글리세린', '은행나무잎추출물', '개똥쑥추출물', '다이소듐이디티에이', '인도멀구슬나무잎추출물', '무화과추출물', '알란토인', '페퍼민트오일', '자작나무수액', '마데카소사이드', '아시아티코사이드', '인도멀구슬나무꽃추출물', '벤질글라이콜', '알로에베라잎추출물', '참마뿌리추출물', '다시마추출물', '제비꽃꽃추출물', '당느릅나무뿌리추출물', '하이드롤라이즈드글라이코사미노글리칸', '소듐하이알루로네이트', '다이포타슘글리시리제이트', '파파인', '마데카식애씨드', '아시아틱애씨드', '소듐하이알루로네이트크로스폴리머', '흰버드나무껍질추출물', '하이드롤라이즈드하이알루로닉애씨드', '하이드롤라이즈드완두콩단백질', '피토스테롤', '하이드록시프로필트라이모늄하이알루로네이트', '레시틴', '스쿠알란', '올리브오일', '토코페롤', '세라마이드엔피', '시어버터', '하이알루로닉애씨드', '소듐아세틸레이티드하이알루로네이트병풀추출물', '세틸에틸헥사노에이트', '세테아릴', '올리베이트', '에틸헥실올리베이트', '솔비탄올리베이트', '소듐아크릴레이트코폴리머', '폴리글리세릴-4올리에이트', '소듐폴리아크릴로일다이메틸타우레이트', '하이드로제네이티드폴리데센', '홀리바질잎추출물', '울금뿌리추출물', '트라이데세스-10', '참산호말추출물']"
58,디오디너리,디오디너리 나이아신아마이드 10 ,"['정제수', '펜틸렌글라이콜', '징크피씨에이', '다이메틸아이소소바이드', '타마린드씨검', '잔탄검', '아이소세테스-20', '에톡시다이글라이콜', '페녹시에탄올', '클로페네신']"
59,파티온,파티온 노스카나인 트러블 흔적 리페어 크림,"['비타민나무열매추출물', '쑥잎추출물', '글리세린', '다이아이소스테아릴말레이트', '카프릴릭', '카프릭트라이글리세라이드', '부틸렌글라이콜', '다이글리세린', '스쿠알란', '나이아신아마이드', '1-헥산다이올', '2-헥산다이올', '펜틸렌글라이콜', '폴리글리세릴-3메틸글루코오스다이스테아레이트', '트라넥사믹애씨드', '판테놀', '호호바에스터', '하이드록시에틸아크릴레이트', '소듐아크릴로일다이메틸타우레이트코폴리머', '세테아릴올리베이트', '정제수', '아크릴레이트', 'C10-30알킬아크릴레이트크로스폴리머', '솔비탄올리베이트', '트로메타민', '폴리메틸실세스퀴옥세인', '하이드로제네이티드쌀겨오일', '에틸헥실글리세린', '하이드로제네이티드레시틴', '아데노신', '알란토인', '솔비탄아이소스테아레이트', '하이드록시아세토페논', '소듐파이테이트', '구아검', '아가', '다이포타슘글리시리제이트', '폴리글리세릴-10라우레이트', '인도멀구슬나무잎추출물', '인도멀구슬나무꽃추출물', '소듐헤파린', '아이비고드열매추출물', '폴리글리세릴-10스테아레이트', '호박가루', '비사보롤', '가지열매추출물', '윈터체리뿌리추출물', '울금뿌리추출물', '홀리바질잎추출물', '잔탄검', '참산호말추출물', '드럼스틱씨오일', '토코페롤', '알파-알부틴', '카페인', '페룰릭애씨드', '글루타티온', '인디안구스베리열매추출물', '징크피씨에이', '호동씨오일', '포도세포추출물', '당호박추출물', '다이프로필렌글라이콜', '카카두플럼추출물', '케이프알로에잎추출물', '밤부사', '불가리스수', '소듐아스코빌포스페이트', '토코페릴아세테이트', '글리세릴아라키도네이트', '글리세릴리놀리네이트', '바이오틴', '레티닐팔미테이트']"
60,이즈앤트리,이즈앤트리 어니언 뉴페어 겔크림,"['양파추출물', '프로판다이올', '글리세린', '정제수', '부틸렌글라이콜', '카프릴릭', '카프릭트라이글리세라이드', '나이아신아마이드', '1-헥산다이올', '2-헥산다이올', '하이드록시에틸아크릴레이트', '소듐아크릴로일다이메틸타우레이트코폴리머', '소듐헤파린', '알란토인', '판테놀', '약모밀추출물', '세테아릴알코올', '비닐다이메티콘', '카보머', '세테아릴올리베이트', '솔비톨', '솔비탄올리베이트', '바이오사카라이드검-1', '소듐폴리아크릴로일다이메틸타우레이트', '소듐아스코빌포스페이트', '트로메타민', '인도멀구슬나무잎추출물', '인도멀구슬나무꽃추출물', '솔비탄아이소스테아레이트', '하이드로제네이티드폴리데센', '에틸헥실글리세린', '시트릭애씨드', '아데노신', '하이드록시에틸셀룰로오스', '아이비고드열매추출물', '다이소듐이디티에이', '베타인', '소듐시트레이트', '트라넥사믹애씨드', '트라이데세스-10', '가지열매추출물', '하이알루로닉애씨드', '하이드롤라이즈드하이알루로닉애씨드', '소듐하이알루로네이트', '참산호말추출물', '홀리바질잎추출물', '울금뿌리추출물']"
61,토리든,토리든 다이브인 저분자 히알루론산 수딩 크림,"['정제수', '부틸렌글라이콜', '글리세린', '1-헥산다이올', '2-헥산다이올', '하이드로제네이티드다이데센', '알란토인', '트레할로오스', '버지니아풍년화추출물', '판테놀', '하이드롤라이즈드하이알루로닉애씨드', '소듐하이알루로네이트', '소듐하이알루로네이트크로스폴리머', '소듐아세틸레이티드하이알루로네이트', '하이드롤라이즈드소듐하이알루로네이트', '글리세릴아크릴레이트', '아크릴릭애씨드코폴리머', '피브이엠', '엠에이코폴리머', '하이드록시에틸아크릴레이트', '소듐아크릴로일다이메틸타우레이트코폴리머', '2-부탄다이올', '3-부탄다이올', '세테아릴알코올', 'C14-22알코올', 'C12-20알킬글루코사이드', '펜틸렌글라이콜', '솔비탄아이소스테아레이트', '카프릴릭', '카프릭트라이글리세라이드', '인도멀구슬나무잎추출물', '인도멀구슬나무꽃추출물', '아이비고드열매추출물', '가지열매추출물', '홀리바질잎추출물', '울금뿌리추출물', '참산호말추출물', '클레리추출물', '라벤더꽃추출물', '히아신스전초추출물', '마트리카리아꽃추출물', '수레국화꽃추출물', '보리지추출물', '다이소듐이디티에이', '카보머', '트로메타민', '잔탄검', '글루타티온', '말라카이트추출물', '에틸헥실글리세린']"
62,비욘드,비욘드 엔젤아쿠아 수분 진정 크림,"['정제수', '글리세린', '부틸렌글라이콜', '다이메티콘', '사이클로펜타실록세인', '1-헥산다이올', '2-헥산다이올', '나일론-12', '판테놀', '다이메티콘올', '소듐폴리아크릴레이트', '카보머', '트로메타민', '트레할로오스', '프로판다이올', '다이프로필렌글라이콜', '락토바실러스', '콩발효추출물', '트라이소듐이디티에이', '말라카이트추출물', '효모', '감자추출물발효여과물', '보리씨발효여과물', '가시대나무수액', '자작나무수액', '하늘타리뿌리추출물', '소듐하이알루로네이트', '하이드롤라이즈드하이알루로닉애씨드', '전호추출물', '마데카소사이드', '포도덩굴수액', '병풀추출물', '녹차추출물', '호장근뿌리추출물', '황금추출물', '개똥쑥추출물', '님잎추출물', '스페인감초뿌리추출물', '마트리카리아꽃추출물', '로즈마리잎추출물']"
63,에스트라,에스트라 아토베리어365 하이드로 수딩크림,"['정제수', '프로판다이올', '글리세린', '페닐트라이메티콘', '메틸트라이메티콘', '1-헥산다이올', '2-헥산다이올', '트레할로오스', '다이카프릴릴카보네이트', '암모늄아크릴로일다이메틸타우레이트', '브이피코폴리머', '하이드로제네이티드레시틴', '하이드로제네이티드폴리아이소부텐', '하이드록시에틸아크릴레이트', '소듐아크릴로일다이메틸타우레이트코폴리머', '세테아릴알코올', '아크릴레이트', 'C10-30알킬아크릴레이트크로스폴리머', '글리세릴카프릴레이트', '글리세릴스테아레이트', '트로메타민', '다이소듐이디티에이', '에틸헥실글리세린', '스테아릭애씨드', '팔미틱애씨드', '폴리글리세릴-3메틸글루코오스다이스테아레이트', '솔비탄아이소스테아레이트', '만니톨', '알지닌', '세린', '수크로오스', '피씨에이', '시트룰린', '글라이코젠', '히스티딘에이치씨엘', '알라닌', '토코페롤', '하이드록시프로필비스팔미타마이드엠이에이', '트레오닌', '글루타믹애씨드', '미리스틱애씨드', '아라키딕애씨드', '라이신에이치씨엘', '암모늄메타크릴레이트코폴리머', '콜레스테롤', '실리카']"
64,피지오겔,피지오겔 DMT 데일리보습 로션,"['정제수', '카프릴릭', '카프릭트리글리세라이드', '글리세린', '펜틸렌글라이콜', '코코넛오일', '기름야자오일', '쉐어버터', '올리브오일', '하이드로제네이티드레시틴', '하이드록시에칠셀룰로오스', '카프릴릴글라이콜', '잔탄검', '스쿠알란', '카보머', '소듐카보머', '세라마이드3']"
65,토리든,토리든 솔리드인 세라마이드 크림,"['정제수', '글리세린', '호호바씨오일', '카프릴릭', '카프릭트라이글리세라이드', '부틸렌글라이콜', '다이프로필렌글라이콜', '세테아릴알코올', '에틸헥실팔미테이트', '1-헥산다이올', '2-헥산다이올', '글리세릴스테아레이트', '하이드롤라이즈드하이알루로닉애씨드', '소듐하이알루로네이트', '트레할로오스', '알란토인', '판테놀', '베타인', '바오밥나무씨오일', '하이드로제네이티드쌀겨오일', '피토스핑고신', '스테아릭애씨드', '콜레스테롤', '수용성콜라겐', '타임추출물', '녹차추출물', '애플민트잎추출물', '귤껍질추출물', '프로판다이올', '2-부탄다이올', '3-부탄다이올', '비닐다이메티콘', '하이드로제네이티드레시틴', '세테아릴올리베이트', '솔비탄올리베이트', '수크로오스', '카보머', '트로메타민', '잔탄검', '다이소듐이디티에이', '잇꽃꽃추출물', '에틸헥실글리세린']"
66,아이오페,아이오페 레티놀 슈퍼 바운스 세럼,"['정제수', '부틸렌글라이콜', '스쿠알란', '메틸트라이메티콘', '글리세린', '비스-하이드록시에톡시프로필다이메티콘', '1-헥산다이올', '2-헥산다이올', '락토바실러스발효용해물', 'C14-22알코올', '시어버터', '팔미틱애씨드', '해바라기씨오일', '스테아릭애씨드', '글리세릴스테아레이트', '피이지-100스테아레이트', '하이드록시에틸아크릴레이트', '소듐아크릴로일다이메틸타우레이트코폴리머', '다이메틸아이소소바이드', 'C12-20알킬글루코사이드', '돌콩오일', '카보머', '만니톨', '당근추출물', '글리세릴카프릴레이트', '트로메타민', '다이소듐이디티에이', '코질메틸렌다이옥시신나메이트', '에틸헥실글리세린', '펜틸렌글라이콜', '잔탄검', '마데카소사이드', '하이드록시피나콜론레티노에이트', '솔비탄아이소스테아레이트', '레티놀', '트레할로오스', '베타-카로틴', '토코페롤', '비에이치티', '아라비아고무나무검', '아세틸테트라펩타이드-11', '하이드로제네이티드포스파티딜콜린', '편백잎추출물', '데카펩타이드-4', '소듐올리에이트', '프로필렌글라이콜알지네이트', '벼에스에이치-올리고펩타이드-1']"
67,피지오겔,피지오겔 레드수딩 AI 크림,"['정제수', '올리브오일', '글리세린', '펜틸렌글라이콜', '식물성오일', '오일팜오일', '하이드로제네이티드레시틴', '스쿠알란', '베타인', '팔미타마이드엠이에이', '아세타마이드엠이에이', '사코신', '하이드록시에틸셀룰로오스', '카보머', '소듐카보머', '잔탄검']"
68,파티온,파티온 노스카나인 트러블 세럼 단독,"['쑥잎추출물', '정제수', '글리세린', '다이프로필렌글라이콜', '판테놀', '1-헥산다이올', '2-헥산다이올', '펜틸렌글라이콜', '소듐하이알루로네이트', '병풀추출물', '소듐헤파린', '사과추출물', '다이에톡시에틸석시네이트', '하이드록시에틸우레아', '아크릴레이트', 'C10-30알킬아크릴레이트크로스폴리머', '암모늄아크릴로일다이메틸타우레이트', '브이피코폴리머', '트로메타민', '알란토인', '하이드록시아세토페논', '에틸헥실글리세린', '폴리글리세릴-10라우레이트', '석시닉애씨드', '토코페롤', '카프릴릴', '카프릴글루코사이드', '하이드로제네이티드레시틴', '세라마이드엔피', '잔탄검']"
69,빌리프,빌리프 더 트루 크림 모이스춰라이징 밤,"['정제수', '글리세린', '사이클로헥사실록세인', '하이드로제네이티드폴리데센', '다이프로필렌글라이콜', '1-헥산다이올', '2-헥산다이올', '마카다미아씨오일', '비스-피이지-18메틸에터다이메틸실레인', '트라이에틸헥사노인', '스테아릴알코올', '글리세릴스테아레이트', '피이지-40스테아레이트', '펜타에리스리틸테트라에틸헥사노에이트', '컴프리잎추출물', '귀리커넬추출물', '포트마리골드꽃추출물', '개박하추출물', '라즈베리잎추출물', '와일드인디고뿌리추출물', '별꽃추출물', '레이디스맨틀잎추출물+', '삼색제비꽃추출물+', '다마스크장미꽃추출물+', '메도우스위트꽃추출물+', '마시멜로뿌리추출물+', '아이브라이트추출물', '서양측백나무잎추출물', '서양톱풀꽃추출물', '붉은토끼풀꽃추출물', '조름나물잎추출물', '흰버드나무껍질추출물', '탱자추출물', '띠뿌리추출물', '판테놀', '하이드록시에틸피페라진에탄설포닉애씨드', '우레아', '효모발효여과물', '겨우살이추출물', '글라이코실트레할로오스', '락토바실러스', '콩발효추출물', '스테아릭애씨드', '트로메타민', '피이지-100스테아레이트', '세테아릴올리베이트', '솔비탄올리베이트', '하이드로제네이티드레시틴', '아크릴레이트', 'C10-30알킬아크릴레이트크로스폴리머', '다이메티콘', '비닐다이메티콘크로스폴리머', '카보머', '하이드로제네이티드스타치하이드롤리세이트', '잔탄검', '트라이소듐이디티에이', '세테아릴알코올', '부틸렌글라이콜', '솔비탄스테아레이트', '오렌지껍질오일', '라임전초오일', '로즈마리잎오일', '센티드제라늄꽃오일', '리모넨', '시트로넬올', '제라니올', '시트랄', '리날룰']"
70,라운드랩,라운드랩 1025 독도 로션,"['정제수', '글리세린', '퀸즈랜드넛오일', '1-헥산다이올', '2-헥산다이올', '펜틸렌글라이콜', '아이리쉬모스추출물', '사탕수수추출물', '해수', '하이알루로닉애씨드', '하이드롤라이즈드하이알루로닉애씨드', '소듐하이알루로네이트', '판테놀', '스쿠알란', '부틸렌글라이콜', '폴리글리세릴-3메틸글루코오스다이스테아레이트', '글리세릴스테아레이트', '하이드로제네이티드폴리데센', '하이드록시에틸아크릴레이트', '소듐아크릴로일다이메틸타우레이트코폴리머', '호호바에스터', '카프릴릴글라이콜', '트로메타민', '소듐파이테이트', '토코페롤', '소듐카복시메틸베타-글루칸', '에틸헥실글리세린', '세테아릴알코올', '카보머']"
71,마몽드,마몽드 포어 슈링커 바쿠치올 크림,"['정제수', '부틸렌글라이콜', '글리세린', '카프릴릭', '카프릭트라이글리세라이드', '메틸트라이메티콘', '세테아릴알코올', '데실코코에이트', '글리세릴스테아레이트시트레이트', '펜타에리스리틸테트라에틸헥사노에이트', '1-헥산다이올', '2-헥산다이올', '판테놀', '폴리글리세릴-3메틸글루코오스다이스테아레이트', '벤토나이트', '암모늄아크릴로일다이메틸타우레이트', '브이피코폴리머', '바쿠치올', '해바라기씨오일', '글리세릴카프릴레이트', '돌콩오일', '말토덱스트린', '에틸헥실글리세린', '다이소듐이디티에이', '당근추출물', '아데노신', '소듐하이알루로네이트', '레티놀', '하이드롤라이즈드식물성단백질', '사포닌', '수크로오스', '황해쑥잎추출물잎오일', '베타-카로틴', '하이드롤라이즈드호밀피토플라센타추출물', '토코페롤', '풀루란', '제인', '인돌아세틱애씨드', '펙틴', '시트릭애씨드']"
72,메디큐브,메디큐브 제로 모공 원데이 세럼,"['정제수', '글루코노락톤', '메틸프로판다이올', '글리세린', '프로판다이올', '트로메타민', '폴리글리세린-3', '나이아신아마이드', '1-헥산다이올', '2-헥산다이올', '시트릭애씨드', '다이메티콘', '부틸렌글라이콜', 'C12-14파레스-12', '하이드록시에틸셀룰로오스', '살리실릭애씨드', '암모늄아크릴로일다이메틸타우레이트', '브이피코폴리머', '소듐폴리아크릴로일다이메틸타우레이트', '레시틴', '알란토인', '락틱애씨드', '글라이콜릭애씨드', '에틸헥실글리세린', '아데노신', '덱스트린', '인디고추출물', '소듐하이알루로네이트', '하이알루로닉애씨드', '소듐시트레이트', '원추리꽃추출물', '치자추출물', '하이드롤라이즈드하이알루로닉애씨드', '하이드롤라이즈드소듐하이알루로네이트', '소듐하이알루로네이트크로스폴리머', '트라이소듐포스페이트', '물망초꽃', '물망잎추출물', '물망줄기추출물', '펜틸렌글라이콜', '하이드록시프로필트라이모늄하이알루로네이트', '소듐아세틸레이티드하이알루로네이트', '병풀추출물', '마데카소사이드', '락토바실러스발효용해물']"
73,셀리맥스,셀리맥스 더 리얼 노니 에너지 앰플,"['부틸렌글라이콜', '프로판다이올', '글리세린', '1-헥산다이올', '2-헥산다이올', '다이에톡시에틸석시네이트', '글리세릴아크릴레이트', '아크릴릭애씨드코폴리머', '세라마이드엔피', '올리브오일', '시어버터', '스쿠알란', '로즈마리잎오일', '인도멀구슬나무잎추출물', '인도멀구슬나무꽃추출물', '카카오추출물', '덱스트린', '피토스핑고신', '콜레스테롤', '소듐하이알루로네이트', '하이드로제네이티드레시틴', 'C12-13파레스-9', '소듐폴리아크릴로일다이메틸타우레이트', '카프릴릭', '카프릭트라이글리세라이드', '정제수', '알란토인', '아데노신', '다이소듐이디티에이', '클로페네신']"
74,넘버즈인,넘버즈인 1번 진정 맑게담은 청초토너,"['1', '2-헥산다이올', '다이프로필렌글라이콜', '프로판다이올', '부틸렌글라이콜', '글리세린', '히아신스전초추출물', '하수오전초추출물', '카보머', '하이드록시에틸셀룰로오스', '알지닌', '알란토인', '다이소듐이디티에이', '알바수련꽃추출물', '베타인', '판테놀']"
75,CKD,CKD 레티노콜라겐 저분자 300 괄사 리프팅 세럼,"['글리세린', '프로판다이올', '정제수', '펜틸렌글라이콜', '나이아신아마이드', '1-헥산다이올', '2-헥산다이올', '스쿠알란', '자일리틸글루코사이드', '아이리쉬모스추출물', '사탕수수추출물', '자일리톨', '마카다미아씨오일', '메도우폼씨오일', '베르가모트오일', '라벤더오일', '소듐하이알루로네이트', '시어버터', '진흙버섯추출물', '클레리오일', '타라열매추출물', '레틴알', '코토니추출물', '하이드롤라이즈드하이알루로닉애씨드', '하이알루로닉애씨드', '베타인', '부틸렌글라이콜', '판테놀', '안하이드로자일리톨', '폴리글리세릴-3다이스테아레이트', '하이드로제네이티드레시틴', '암모늄아크릴로일다이메틸타우레이트', '브이피코폴리머', '트로메타민', '에틸헥실글리세린', '아데노신', '하이드로제네이티드폴리데센', '트라이아이소스테아린', '글리세릴스테아레이트시트레이트', '카프릴릭', '카프릭트라이글리세라이드', '소듐파이테이트', '팔미토일트라이펩타이드-5', '세라마이드엔피', '폴리글리세릴-10라우레이트', '폴리글리세릴-3메틸글루코오스다이스테아레이트', '베타-글루칸', '콜레스테롤', '유채스테롤', '피이지-5레이프씨드스테롤', '실리카', '세테스-3', '세테스-5', '토코페롤', '알루미늄', '마그네슘하이드록사이드스테아레이트', '다이프로필렌글라이콜', '소듐하이알루로네이트크로스폴리머', '토코페릴아세테이트', '하이드롤라이즈드글라이코사미노글리칸', '포타슘세틸포스페이트', '펜타에리스리틸테트라-다이-t-부틸하이드록시하이드로신나메이트', '소듐아스코빌포스페이트', '벤질글라이콜', '하이드롤라이즈드엘라스틴', '소듐디엔에이', '카프릴릴', '카프릴글루코사이드', '풀루란', '카보머', '다이소듐이디티에이', '리모넨', '리날룰', '펜타에리스리틸테트라에틸헥사노에이트', '사이클로헥사실록세인', '글리세릴스테아레이트', '세테아릴알코올', '폴리글리세릴-6다이스테아레이트', '글리세릴폴리메타크릴레이트', '황벽나무껍질추출물', '향기제비꽃잎추출물', '팔마로사오일', '올리브오일', '센티드제라늄꽃오일', '캐모마일꽃오일', '연필향나무오일', '오렌지껍질오일', '로즈우드오일', '화이트참파카꽃오일', '멕시칸주니퍼오일', '오렌지꽃오일', '하이드롤라이즈드콜라겐', '비즈왁스', '소듐스테아로일글루타메이트', '하이드록시에틸아크릴레이트', '소듐아크릴로일다이메틸타우레이트코폴리머', '알라닌', '페닐알라닌', '호호바에스터', '다이카프릴릴에터', '세틸알코올', '라이신', '폴리글리세릴-3비즈왁스', '잔탄검', '알지닌', '발린', '트레오닌', '베헤닐알코올', '솔비탄아이소스테아레이트', '소듐라우레이트', '타이로신', '글리세릴스테아레이트에스이', '라우릭애씨드', '솔비탄라우레이트', '글라이신', '수크로오스다이스테아레이트', '세린', '글루타믹애씨드', '하이드록시에틸셀룰로오스', '프롤린', '아세틸다이펩타이드-1세틸에스터', '아스파틱애씨드', '류신', '다이펩타이드다이아미노부티로일벤질아마이드다이아세테이트', '아이소류신', '히스티딘', '엘라스틴', '포스포리피드', '메티오닌', '카퍼트라이펩타이드-1', '트라이펩타이드-1', '아세틸헥사펩타이드-8', '헥사펩타이드-9', '팔미토일펜타펩타이드-4', '팔미토일테트라펩타이드-7', '팔미토일트라이펩타이드-1', '노나펩타이드-1', '시스테인', '하이드록시아세토페논', '카프릴릴글라이콜', '제라니올', '시트로넬올', '시트랄']"
76,에스네이처,에스네이처 아쿠아 스쿠알란 세럼,"['에스네이처', '아쿠아', '스쿠알란', '세럼', '정제수', '글리세린', '부틸렌글라이콜', '메틸프로판다이올', '1-헥산다이올', '2-헥산다이올', '베타인', '다시마추출물', '한련초잎추출물', '버지니아풍년화추출물', '소듐하이알루로네이트', '하이드로제네이티드레시틴', '판테놀', '알란토인', '프룩토올리고사카라이드', '베타-글루칸', '하이드롤라이즈드하이알루로닉애씨드', '하이드록시프로필트라이모늄하이알루로네이트', '소듐아세틸레이티드하이알루로네이트', '하이드롤라이즈드소듐하이알루로네이트', '하이알루로닉애씨드', '소듐하이알루로네이트크로스폴리머', '포타슘하이알루로네이트', '에틸헥실글리세린', '카보머', '트로메타민', '잔탄검', '다이소듐이디티에이', '수분크림', '하이드롤라이즈드콜라겐', '아세틸헥사펩타이드-8', '아데노신', '아크릴레이트', 'C10-30알킬아크릴레이트크로스폴리머', '알지닌', '자일리틸글루코사이드', '안하이드로자일리톨', '자일리톨', '글루코오스', '암모늄아크릴로일다이메틸타우레이트', '브이피코폴리머', '카프릴릴글라이콜']"
77,이지듀,이지듀 DW EGF 멜라토닝 원데이 앰플,"['정제수', '부틸렌글라이콜', '글리세린', '다이펜타에리스리틸헥사C5-9애씨드에스터', '다이페닐다이메티콘', '비닐다이메티콘', '베타인', '프로판다이올', '메틸프로판다이올', '비피다발효용해물', '1-헥산다이올', '2-헥산다이올', '펜틸렌글라이콜', '알파-알부틴', '3-O-에틸아스코빅애씨드', '트라넥사믹애씨드', '글루타티온', '클로렐라', '불가리스추출물', '마조람잎오일', '베르가모트오일', '인도멀구슬나무꽃추출물', '홀리바질잎추출물', '캐모마일꽃오일', '약모밀추출물', '소듐아스코빌포스페이트', '아스코빌글루코사이드', '아스코빌테트라이소팔미테이트', '비사보롤', '마그네슘아스코빌포스페이트', '헤스페리딘메틸칼콘', '인도멀구슬나무잎추출물', '카카오씨추출물', '멕시칸주니퍼오일', '울금뿌리추출물', '소듐하이알루로네이트', '참산호말추출물', '왕귤껍질오일', '흰목이버섯추출물', '해바라기씨오일', '흰서양송로추출물', '화이트루핀씨추출물', '류코노스톡', '무발효여과물', '키토산', '가지열매추출물', '하이드록시에틸우레아', '폴리아크릴레이트크로스폴리머-6', '하이드로제네이티드레시틴', '글루코오스', '아크릴레이트', 'C10-30알킬아크릴레이트크로스폴리머', '트로메타민', '프룩토올리고사카라이드', '프룩토오스', '소듐다이라우미도글루타미드라이신', '카프릴릭', '카프릭트라이글리세라이드', '트라이에틸헥사노인', '에틸헥실글리세린', '아데노신', '니코티노일다이펩타이드-23', '아세틸헥사펩타이드-8', '소듐시트레이트', '다이펩타이드-2', '시트릭애씨드', '팔미토일테트라펩타이드-7', '알란토인', '소듐파이테이트', '글리세릴아크릴레이트', '아크릴릭애씨드코폴리머', '레시틴', '덱스트린', '소듐스테아로일글루타메이트', '리놀레닉애씨드', '다이프로필렌글라이콜', '토코페롤', '콜레스-24', '카프릴릴', '카프릴글루코사이드', '콜레스테롤', '세라마이드엔피', '카프릴릴글라이콜', '스테아레스-20', '에탄올', 't-부틸알코올', '다이소듐이디티에이', '클로헥시딘디글루코네이트', '포타슘솔베이트', '리모넨', '리날룰']"
78,브링그린,브링그린 티트리시카수딩토너,"['티트리추출물', '정제수', '다이프로필렌글라이콜', '티트리잎추출물', '티트리잎수', '병풀추출물', '1-헥산다이올', '2-헥산다이올', '부틸렌글라이콜', '티트리꽃', '티트잎추출물', '티트줄기추출물', '베타인', '판테놀', '옥틸도데세스-16', '소듐시트레이트', '시트릭애씨드', '베타인살리실레이트', '잔탄검']"
79,차앤박,차앤박 프로폴리스 에센셜 아이크림,"['정제수', '다이메티콘', '프로판다이올', '글리세린', '다이프로필렌글라이콜', '비닐다이메티콘크로스폴리머', '1-헥산다이올', '2-헥산다이올', '나이아신아마이드', '부틸렌글라이콜', '판테놀', '폴리솔베이트60', '아이소스테아릴아이소스테아레이트', '하이드로제네이티드레시틴', '아크릴레이트', 'C10-30알킬아크릴레이트크로스폴리머', '트로메타민', 'C14-22알코올', '스쿠알란', '세라마이드엔피', '소듐폴리아크릴로일다이메틸타우레이트', '마카다미아씨오일', '피이지-10레이프씨드스테롤', '트라이에틸헥사노인', '다이카프릴릴에터', '피이지', '피피지-18', '18다이메티콘', '잔탄검', '아라키딜글루코사이드', '시어버터', '글리세릴스테아레이트', '아데노신', '마이카', '폴리글리세릴-10다이라우레이트', '스테아릭애씨드', '글리세레스-20', '센티드제라늄꽃오일', '소듐하이알루로네이트', '트라이소듐이디티에이', '카보머', '콜레스테롤', '피이지-100스테아레이트', '적색산화철', '에탄올', '꿀추출물', '로얄젤리추출물', '시트로넬올', '제라니올', '리날룰']"
80,파티온,파티온 노스카나인 트러블 크림,"['정제수', '글리세린', '메도우폼씨오일', '카프릴릭', '카프릭트라이글리세라이드', '비닐다이메티콘', '다이글리세린', '폴리글리세릴-3다이스테아레이트', '세테아릴알코올', '1-헥산다이올', '2-헥산다이올', '펜틸렌글라이콜', '펜타에리스리틸테트라에틸헥사노에이트', '쑥잎추출물', '하이드로제네이티드쌀겨오일', '하이드로제네이티드레시틴', '세테아릴올리베이트', '소듐스테아로일글루타메이트', '하이드록시에틸아크릴레이트', '소듐아크릴로일다이메틸타우레이트코폴리머', '폴리글리세릴-2스테아레이트', '암모늄아크릴로일다이메틸타우레이트', '브이피코폴리머', '아이소도데케인', '하이드록시아세토페논', '아크릴레이트', 'C10-30알킬아크릴레이트크로스폴리머', '클로렐라', '불가리스추출물', '글루코오스', '솔비탄올리베이트', '글리세릴스테아레이트', '스테아릴알코올', '판테놀', '글리세릴스테아레이트시트레이트', '부틸렌글라이콜', '프룩토올리고사카라이드', '프룩토오스', '잔탄검', '스테아릭애씨드', '석시닉애씨드', '다이메티콘', '비닐다이메티콘크로스폴리머', '메티콘실세스퀴옥세인크로스폴리머', '소듐파이테이트', '솔비탄아이소스테아레이트', '폴리글리세릴-10스테아레이트', '세라마이드엔피', '알란토인', '베타-글루칸', '폴리글리세릴-10라우레이트', '세라마이드엔에스', '소듐헤파린', '콜레스테롤', '에틸헥실글리세린', '피토스핑고신', '세라마이드에이피', '세라마이드에이에스', '스쿠알란', '다이프로필렌글라이콜', '병풀추출물', '세라마이드이오피', '카프릴릴', '카프릴글루코사이드']"
81,더랩바이블랑두,더랩바이블랑두 저분자 히알루론산 딥 토너 리필 캔,"['정제수', '부틸렌글라이콜', '1-헥산다이올', '2-헥산다이올', '글리세린', '베타-글루칸', '베타인', '소듐하이알루로네이트', '판테놀', '솔비톨', '아세틸글루코사민', '글루쿠로닉애씨드', '알란토인', '토코페롤', '에틸헥실글리세린', '다이소듐이디티에이']"
82,메이크프렘,메이크프렘 인테카 수딩크림,"['정제수', '프로판다이올', '글리세린', '글리세릴글루코사이드', '1-헥산다이올', '2-헥산다이올', '카프릴릭', '카프릭트라이글리세라이드', '하이드로제네이티드폴리데센', '나이아신아마이드', '부틸렌글라이콜', '솔비톨', '세테아릴올리베이트', '비닐다이메티콘', '솔비탄올리베이트', '카보머', '칸디다', '봄비콜라', '글루코오스', '메틸레이프씨데이트발효물', '해바라기씨오일', '아시아티코사이드', '아시아틱애씨드', '마데카식애씨드', '하이알루로닉애씨드', '하이드롤라이즈드하이알루로닉애씨드', '소듐하이알루로네이트', '다이프로필렌글라이콜', '글리세릴스테아레이트에스이', '하이드로제네이티드레시틴', '트로메타민', '에틸헥실글리세린', '아데노신', '다이소듐이디티에이', '에톡시다이글라이콜']"
83,바이오더마,바이오더마 하이드라비오 에센스로션 더블기획,"['정제수', '메틸프로판다이올', '나이아신아마이드', '피피지-26-부테스-26', '피이지-40하이드로제네이티드캐스터오일', '소듐피씨에이', '다이소듐이디티에이', '살리실릭애씨드', '하이드록시에틸셀룰로오스', '만니톨', '소듐시트레이트', '토코페릴아세테이트', '자일리톨', '헥실데칸올', '세트리모늄브로마이드', '향료', '벤조트라이아졸릴도데실p-크레솔', '람노오스', '소듐하이드록사이드', '사과씨추출물', '유채스테롤', '토코페롤']"
84,브이티,VT 리들샷 300 에센스,"['정제수', '다이프로필렌글라이콜', '글리세린', '나이아신아마이드', '부틸렌글라이콜', '마카다미아씨오일', '1-헥산다이올', '2-헥산다이올', '에틸헥실팔미테이트', '실리카', '소듐아크릴레이트', '소듐아크릴로일다이메틸타우레이트코폴리머', '폴리아이소부텐', '글리세레스-26', '에틸헥실글리세린', '카프릴릴글라이콜', '아데노신', '소듐폴리아크릴레이트', '병풀추출물', '소듐하이알루로네이트', '카프릴릴', '카프릴글루코사이드', '솔비탄올리에이트', '잔탄검', '프로폴리스추출물', '아시아티코사이드', '마데카소사이드', '마데카식애씨드', '아시아틱애씨드', '글라이신', '세린', '글루타믹애씨드', '아스파틱애씨드', '류신', '알라닌', '라이신', '알지닌', '타이로신', '페닐알라닌', '트레오닌', '프롤린', '발린', '아이소류신', '히스티딘', '메티오닌', '시스테인']"
85,AHC,AHC 텐 레볼루션 리얼 아이크림 포 페이스 더블,"['하이드롤라이즈드콜라겐추출물', '글리세린', '다이프로필렌글라이콜', '비피다발효용해물', '하이드로제네이티드폴리데센', '사이클로헥사실록세인', '카프릴릭', '카프릭트라이글리세라이드', '다이카프릴릴카보네이트', '정제수', '나이아신아마이드', '카프릭', '석시닉트라이글리세라이드', '세테아릴알코올', '1-헥산다이올', '2-헥산다이올', '글리세릴스테아레이트에스이', '펜타에리스리틸스테아레이트', '카프레이트', '카프릴레이트', '아디페이트', '세틸알코올', '시어버터', '베타인', '황벽나무껍질추출물', '녹차추출물', '구기자나무잎추출물', '병풀추출물', '무화과추출물', '참마뿌리추출물', '쌀추출물', '알로에베라잎추출물', '콜라겐추출물', '슈도알테로모나스발효추출물', '올레라케아아크멜라추출물', '코튼씨추출물', '토마토추출물', '아보카도열매추출물', '마카뿌리추출물', '퉁퉁마디추출물', '실론시나몬나무껍질추출물', '바실러스', '폴릭애씨드발효여과추출물', '씨대퍼딜추출물', '알바수련꽃추출물', '밀펩타이드', '리마콩씨추출물', '하이드로제네이티드레시틴', '코코넛야자오일', '마카다미아씨오일', '소듐하이알루로네이트', '수용성콜라겐', '녹차수', '쌀배아오일', '호호바씨오일', '폴리글리세릴-10미리스테이트', '세테아릴올리베이트', '솔비탄올리베이트', '메틸프로판다이올', '폴리글리세릴-10라우레이트', '다이메티콘', '비닐다이메티콘크로스폴리머', '폴리아크릴레이트-13', '소듐스테아로일글루타메이트', '베헤닐알코올', '폴리글리세릴-10스테아레이트', '비닐다이메티콘', '부틸렌글라이콜', '칸디다', '봄비콜라', '글루코오스', '메틸레이프씨데이트발효물', '하이드로제네이티드폴리아이소부텐', '알란토인', '글라이코실트레할로오스', '판테놀', '하이드로제네이티드스타치하이드롤리세이트', '잔탄검', '아데노신', '라피노오스', '콜레스테롤', '에틸헥실팔미테이트', '다이소듐이디티에이', '마이크로코쿠스발효용해물', '솔비탄아이소스테아레이트', '레시틴', '프로판다이올', '세라마이드엔피', '폴리쿼터늄-51', '소듐라우레이트', '이눌린라우릴카바메이트', '라우릭애씨드', '사이아노코발아민', '트로메타민', '포타슘세틸포스페이트', '하이드롤라이즈드콜라겐', '콜라겐수', '토코페릴아세테이트', '바이오사카라이드검-1', '자일리틸글루코사이드', '스키조사카로미세스발효여과물', '안하이드로자일리톨', '자일리톨', '코코일하이드롤라이즈드콜라겐', '펜타에리스리틸테트라아이소스테아레이트', '글라이코리피드', '솔비탄라우레이트', '소듐팔미토일프롤린', '카프릴로일글라이신', '포타슘코코일하이드롤라이즈드콜라겐', '말토덱스트린', '헥실렌글라이콜', '스쿠알란', '아스코빌프로필하이알루로네이트', '하이드록시에틸셀룰로오스', '하이드롤라이즈드루핀단백질', '콜라겐', '에칠아스코빌에텔', '록샘파이어캘러스배양여과물', '테트라하이드로피페린', '아스코빅애씨드폴리펩타이드', '콜라겐아미노산', '만니톨', '락틱애씨드', '사코신', '아세틸다이펩타이드-1세틸에스터', '사카라이드하이드롤리세이트', '하이드롤라이즈드식물성단백질', '세틸하이드록시에틸셀룰로오스', '다이펩타이드다이아미노부티로일벤질아마이드다이아세테이트', '루틴', '실리카다이메틸실릴레이트', '락토바실러스발효물', '다이메틸실란올하이알루로네이트', '하이드롤라이즈드하이알루로닉애씨드', '하이드롤라이즈드소듐하이알루로네이트', '아세틸테트라펩타이드-9', '알라닌', '알지닌', '아스파라진', '아스파틱애씨드', '시트룰린', '시스테인', '글루타믹애씨드', '글루타민', '글라이신', '히스티딘', '아이소류신', '류신', '라이신', '메티오닌', '오르니틴', '페닐알라닌', '프롤린', '세린', '타우린', '트레오닌', '트립토판', '타이로신', '발린', '팔미토일트라이펩타이드-5', '3-아스코빌카보닐다이펩타이드-17', '카프릴로일다이펩타이드-17', '아세틸글루타민', '헵타소듐헥사카복시메틸다이펩타이드-12', '다이포타슘포스페이트', '하이알루로닉애씨드', '포타슘하이알루로네이트', '판토테닉애씨드', '소듐하이알루로네이트크로스폴리머', '하이드록시프로필트라이모늄하이알루로네이트', '아세틸헥사펩타이드-8', '글루코노락톤', '소듐콘드로이틴설페이트', '팔미틱애씨드', '돌콩펩타이드', '효모폴리펩타이드', '소듐하이알루로네이트다이메틸실란올', '스테아릭애씨드', '소듐아세틸레이티드하이알루로네이트', '아텔로콜라겐', '팔미토일테트라펩타이드-7', '팔미토일트라이펩타이드-1', '카프릴로일에스에이치-노나펩타이드-6', '알-소폴리펩타이드-1', '귀리펩타이드', '콩폴리펩타이드', '소듐아스코빌포스페이트', '마그네슘아스코빌포스페이트', '아세틸옥타펩타이드-3', '아세틸테트라펩타이드-11', '칼슘글루코네이트', '다이펩타이드-2', '카퍼트라이펩타이드-1', '아세틸테트라펩타이드-3', '아세틸트라이펩타이드-1', '노나펩타이드-1', '아세틸테트라펩타이드-2', '아세틸테트라펩타이드-5', '트라이펩타이드-1', '헥사펩타이드-2', '헥사펩타이드-9', '트라이펩타이드-2', '다이펩타이드-1', '펜타펩타이드-3', '트라이펩타이드-3', '라이신폴리펩타이드카퍼에이치씨엘', '다이펩타이드-4', '올리고펩타이드-6', '레티닐팔미테이트', '바이오틴', '아스코빅애씨드', '리보플라빈', '티아민에이치씨엘', '폴릭애씨드', '피리독신', '메나다이온', '미리스틱애씨드', '팔미토일펜타펩타이드-4', '팔미토일헥사펩타이드-12', '팔미토일다이펩타이드-7', '에스에이치-올리고펩타이드-1', '에스에이치-폴리펩타이드-1', '에스에이치-올리고펩타이드-2', '에스에이치-폴리펩타이드-3', '에스에이치-폴리펩타이드-4', '에스에이치-폴리펩타이드-9', '에스에이치-폴리펩타이드-11', '에스에이치-폴리펩타이드-14', '에스에이치-폴리펩타이드-16', '에스에이치-폴리펩타이드-22', '피토스테릴', '베헤닐', '옥틸도데실라우로일글루타메이트', '폴리솔베이트80', '하이드록시아세토페논', '에틸헥실글리세린', '카프릴릴글라이콜', '펜틸렌글라이콜', '소듐벤조에이트', '향료']"
86,우르오스,우르오스 스킨밀크,"['정제수', '글리세린', '에탄올', '폴리글리세릴-10아이소스테아레이트', '아데노신포스페이트', '하이드록시프로필사이클로덱스트린', '아크릴레이트', 'C10-30알킬아크릴레이트크로스폴리머', '부틸렌글라이콜', '글리세릴카프릴레이트', '폴리글리세릴-10스테아레이트', '소듐아이소스테아로일락테이트', '소듐락테이트', '소듐하이드록사이드', '클로브꽃추출물', '사철쑥꽃추출물', '스타아니스열매', '씨오일', '서양측백나무잎오일', '아틀라스시다나무껍질오일', '라반딘오일', '라임전초오일', '페퍼민트오일', '구주소나무잎오일', '로즈마리잎오일', '터펜틴', '리날룰', '리모넨']"
87,라운드랩,라운드랩 자작나무 수분 크림,"['정제수', '글리세린', '아이소노닐아이소노나노에이트', '아이소도데케인', '1-헥산다이올', '2-헥산다이올', '펜틸렌글라이콜', '폴리데센', '자작나무수액', '호호바에스터', '판테놀', '글리세릴글루코사이드', '아라비아고무나무검', '하이드롤라이즈드오크라추출물', '소듐하이알루로네이트', '하이알루로닉애씨드', '화이트루핀씨추출물', '드럼스틱씨추출물', '인도멀구슬나무잎추출물', '인도멀구슬나무꽃추출물', '아이비고드열매추출물', '알로에베라꽃추출물', '가지열매추출물', '홀리바질잎추출물', '참산호말추출물', '울금뿌리추출물', '아스코빅애씨드', '펜타에리스리틸테트라에틸헥사노에이트', '암모늄아크릴로일다이메틸타우레이트', '브이피코폴리머', '폴리글리세릴-3메틸글루코오스다이스테아레이트', '아크릴레이트', 'C10-30알킬아크릴레이트크로스폴리머', '트로메타민', '글리세릴아크릴레이트', '아크릴릭애씨드코폴리머', '에틸헥실글리세린', '아가', '다이포타슘글리시리제이트', '글리세릴카프릴레이트', '부틸렌글라이콜', '다이소듐이디티에이정제수', '하이드로제네이티드팜애씨드', '포타슘하이드록사이드', '포타슘코코일글리시네이트', '녹차추출물', '오카무라큰실말추출물', '흰버드나무껍질추출물', '커피콩추출물', '베르가모트잎추출물', '살리실릭애씨드', '하이드롤라이즈드하이알루로닉애씨드', '치자추출물', '카프릴로일살리실릭애씨드', '글리세릴스테아레이트', '덱스트린', '데실글루코사이드', '소듐파이테이트']"
88,브이티,VT 리들샷 100 에센스,"['정제수', '다이프로필렌글라이콜', '글리세린', '나이아신아마이드', '부틸렌글라이콜', '마카다미아씨오일', '1-헥산다이올', '2-헥산다이올', '에틸헥실팔미테이트', '소듐아크릴레이트', '소듐아크릴로일다이메틸타우레이트코폴리머', '폴리아이소부텐', '하이드롤라이즈드해면', '글리세레스-26', '에틸헥실글리세린', '카프릴릴글라이콜', '아데노신', '소듐폴리아크릴레이트', '소듐하이알루로네이트', '병풀추출물', '카프릴릴', '카프릴글루코사이드', '솔비탄올리에이트', '잔탄검', '프로폴리스추출물', '아시아티코사이드', '마데카소사이드', '마데카식애씨드', '아시아틱애씨드', '글라이신', '세린', '글루타믹애씨드', '아스파틱애씨드', '류신', '알라닌', '라이신', '알지닌', '타이로신', '페닐알라닌', '트레오닌', '프롤린', '발린', '아이소류신', '히스티딘', '메티오닌', '시스테인']"
89,라로슈포제,라로슈포제 시카플라스트 멀티 리페어 크림,"['시카플라스트', '크림정제수', '다이카프릴릴에터', '판테놀', '글리세린', '펜틸렌글라이콜', '폴리글리세릴-6다이스테아레이트', '프로판다이올', '세틸에스터', '호호바에스터', '베헤닐알코올', '그린와틀꽃왁스', '해바라기씨왁스', '병풀잎추출물', '야콘뿌리즙', '솔비탄올리에이트', '징크글루코네이트', '마데카소사이드', '세테아릴아이소노나노에이트', '망가니즈글루코네이트', '아이소헥사데칸', '알파-글루칸올리고사카라이드', '소듐하이알루로네이트', '소듐스테아로일글루타메이트', '아데노신', '만노오스', '카퍼글루코네이트', '하이드록시아세토페논', '하이드록시프로필스타치포스페이트', '카프릴로일살리실릭애씨드', '비트레오스실라발효물', '시트릭애씨드', '트라이소듐에틸렌다이아민다이석시네이트', '락토바실러스', '말토덱스트린', '폴리글리세린-3', '폴리글리세릴-3비즈왁스', '폴리솔베이트80', '아크릴아마이드', '소듐아크릴로일다이메틸타우레이트코폴리머', '세틸알코올', '토코페롤시카플라스트', '로션', 'B5정제수', '소듐시트레이트', '소듐클로라이드', '코코-베타인', '카프릴릴글라이콜']"
90,메디힐,메디힐 티트리 진정 수분 앰플,"['티트리잎수', '글리세린', '프로판다이올', '메틸프로판다이올', '인도멀구슬나무잎추출물', '인도멀구슬나무꽃추출물', '카카오씨추출물', '하이드로제네이티드레시틴', '아크릴레이트', 'C10-30알킬아크릴레이트크로스폴리머', '다이에톡시에틸석시네이트', '다이소듐이디티에이', '트로메타민', '정제수', '덱스트린', '4-터피네올', '락토바실러스발효물', '1-헥산다이올', '2-헥산다이올', '에틸헥실글리세린']"
91,우르오스,우르오스 올인원,"['정제수', '글리세린', '에탄올', '폴리글리세릴-10아이소스테아레이트', '아데노신포스페이트', '하이드록시프로필사이클로덱스트린', '아크릴레이트', 'C10-30알킬아크릴레이트크로스폴리머', '부틸렌글라이콜', '글리세릴카프릴레이트', '폴리글리세릴-10스테아레이트', '소듐아이소스테아로일락테이트', '소듐락테이트', '소듐하이드록사이드', '클로브꽃추출물', '사철쑥꽃추출물', '스타아니스열매', '씨오일', '서양측백나무잎오일', '아틀라스시다나무껍질오일', '라반딘오일', '라임전초오일', '페퍼민트오일', '구주소나무잎오일', '로즈마리잎오일', '터펜틴', '리날룰', '리모넨정제수', '펜틸렌글라이콜', '베타인', '피이지-6', '피이지-32', '소듐다이라우미도글루타미드라이신', '피피지-6-데실테트라데세스-30', '알진', '시트릭애씨드', '소듐하이알루로네이트', '페녹시에탄올']"
92,성분에디터,성분에디터 머루포도 비타C 다크 스팟 앰플,"['포도수', '프로판다이올', '1-헥산다이올', '2-헥산다이올', '포도추출물', '나이아신아마이드', '카프릴릭', '카프릭트라이글리세라이드', '트라넥사믹애씨드', '부틸렌글라이콜', '아크릴레이트', 'C10-30알킬아크릴레이트크로스폴리머', '트로메타민', '인도멀구슬나무꽃추출물', '잔탄검', '아이비고드열매추출물', '정제수', '아데노신', '다이소듐이디티에이', '알란토인', '에이치디아이', '트라이메틸올헥실락톤크로스폴리머', '포도씨오일', '콜라겐', '류코노스톡', '무발효여과물', '비치스트로베리추출물', '로우스위트블루베리추출물', '소듐하이알루로네이트', '베어베리잎추출물', '서양산딸기추출물', '시트릭애씨드', '라벤더꽃추출물', '레스베라트롤', '보리지추출물', '수레국화꽃추출물', '클레리추출물', '히아신스전초추출물', '마트리카리아꽃추출물', '백미꽃추출물', '마데카소사이드', '아시아티코사이드', '에틸헥실글리세린', '하이알루로닉애씨드', '하이드롤라이즈드하이알루로닉애씨드', '하이드록시프로필트라이모늄하이알루로네이트', '하이드롤라이즈드소듐하이알루로네이트', '포타슘하이알루로네이트', '펜틸렌글라이콜', '마데카식애씨드', '소듐하이알루로네이트크로스폴리머', '아시아틱애씨드', '소듐아세틸레이티드하이알루로네이트']"
93,유세린,유세린 하이알루론 컨센트레이트,"['정제수', '사이클로메티콘', '글리세린', '라우로일라이신', '메틸프로판다이올', '돌콩배아추출물', '알지닌에이치씨엘', '다이메티콘올', '소듐폴리아크릴레이트', '소듐하이알루로네이트', '향료', '페녹시에탄올', '소듐스테아로일글루타메이트', '소듐클로라이드']"
94,닥터지,닥터지 블랙스네일 레티놀 앰플,"['앰플', '정제수', '프로판다이올', '글리세린', 'C13-16아이소알케인', '글리세레스-26', '나이아신아마이드', '펜틸렌글라이콜', '스쿠알란', '헵틸운데실레네이트', '폴리글리세릴-3다이스테아레이트', '1-헥산다이올', '2-헥산다이올', '글리세릴스테아레이트', '베타인', '하이드로제네이티드폴리데센', '하이드로제네이티드폴리아이소부텐', '운데케인', '합성사파이어', '트라이데케인', '카프릴릴글라이콜', '아크릴레이트', 'C10-30알킬아크릴레이트크로스폴리머', '향료', '하이드로제네이티드레시틴', '부틸렌글라이콜', '세틸팔미테이트', '코코-카프릴레이트', '카프레이트', '하이드로제네이티드올리브오일불검화물', '맥아추출물', '솔비탄올리베이트', '솔비탄팔미테이트', '참마뿌리추출물', '글리세릴스테아레이트시트레이트', '잔탄검', '아데노신', '트로메타민', '에틸헥실글리세린', '아이비고드열매추출물', '한련초추출물', '하이드롤라이즈드옥수수전분', '다이소듐이디티에이', '베타-글루칸', '소듐폴리아크릴레이트', '수크로오스', '바이오사카라이드검-1', '폴리에터-1', '알란토인', '병풀추출물', '다이메틸아이소소바이드', '글리세릴올리에이트', '카프릴릭', '카프릭트라이글리세라이드', '토코페롤', '라우릴글루코사이드', '미리스틸글루코사이드', '폴리글리세릴-6라우레이트', '하이드록시피나콜론레티노에이트', '마카다미아씨오일', '옥틸도데칸올', '하이드롤라이즈드콜라겐', '하이드롤라이즈드하이알루로닉애씨드', '말토덱스트린', '글라이코리피드', '유채스테롤', '포스파티딜콜린', '콜레스테롤', '알루미늄', '마그네슘하이드록사이드스테아레이트', '펜타에리스리틸테트라-다이-t-부틸하이드록시하이드로신나메이트', '자이모모나스발효추출물', '진주추출물', '하이드록시데실유비퀴논', '시트레이트', '페룰릭애씨드', '꿀추출물', '팔미토일펜타펩타이드-42.', '크림정제수', '달팽이점액여과물', '다이프로필렌글라이콜', '세테아릴알코올', '사이클로펜타실록세인', '트라이에틸헥사노인', '사이클로헥사실록세인', '글리세릴스테아레이트에스이', '카바카바잎', '카바뿌리추출물', '카바줄기추출물', '우엉뿌리추출물', '진흙버섯추출물', '쇠비름추출물', '프로폴리스추출물', '아르간커넬오일', '소듐하이알루로네이트', '다이메티콘', 'C12-16알코올', '세테아릴올리베이트', '마이크로크리스탈린셀룰로오스', '세테아릴글루코사이드', '메틸프로판다이올', '하이드록시에틸아크릴레이트', '소듐아크릴로일다이메틸타우레이트코폴리머', '팔미틱애씨드', '에탄올', '글라이코실트레할로오스', '셀룰로오스검', '아이소노닐아이소노나노에이트', '폴리글리세릴-10스테아레이트', '하이드로제네이티드스타치하이드롤리세이트', '라피노오스', '스테아릭애씨드', '시어버터', '폴리글리세릴-2다이폴리하이드록시스테아레이트', '레시틴', '솔비탄아이소스테아레이트', '카라멜', '글루코오스', '이눌린라우릴카바메이트', '폴리쿼터늄-51', '프로필렌글라이콜', '다이소듐스테아로일글루타메이트', '진주가루', '피이지-100스테아레이트', '폴리솔베이트60', '리날룰', '벤질살리실레이트', '리모넨', '하이드록시시트로넬알', '제라니올']"
95,닥터자르트,닥터자르트 시카페어 인텐시브 수딩 리페어 크림,"['정제수', '다이프로필렌글라이콜', '세테아릴알코올', '프로판다이올', '폴리글리세릴-3메틸글루코오스다이스테아레이트', '피토스테릴이소스테아릴다이머디리놀리에이트', '부틸렌글라이콜', '카프릴릭', '카프릭트라이글리세라이드', '시어버터', '다이카프릴릴에터', '나이아신아마이드', '글리세릴', '스테아레이트에스이', '펜틸렌글라이콜', '합성비즈왁스', '퀸즈랜드넛오일', '카카오추출물', '병풀잎추출물', '1-헥산다이올', '2-헥산다이올', '세틸에틸헥사노에이트', '다이글리세린', '비닐다이메티', '콘', '세테아릴올리베이트', '솔비탄올리베이트', '하이드록시에', '틸아크릴레이트', '소듐아크릴로일다이메틸타우레이트코폴리머', '글리세린', '알란토인', '아시아티코사이드', '트로메타민', '마데카식애씨드', '아시아틱애씨드', '아데노신', '아이소펜틸다이올', '덱스트린', '솔비탄아이소스테아레이트', '트라이소듐에틸렌다이아민다이석시네이트', '폴리글리세릴-4올리에이트', '소듐스테아로일글루타메이트', '소듐서팩틴', '토코페롤', '덱스트란', '팔미토일트라이펩타이드-8', '카보머', '잔탄검', '페녹시에탄올']"
96,에스트라,에스트라 아토베리어365 크림,"['정제수', '글리세린', '부틸렌글라이콜', '부틸렌글라이콜다이카프릴레이트', '다이카프레이트', '펜타에리스리틸테트라아이오스테아레이트', '사이클로펜타실록세인', '스쿠알란', '세틸에틸헥사노에이트', '베헤닐알코올', '스테아릭애씨드', '하이드록시프로필비스팔미타마이드엠이에이', '사이클로헥사실록세인', 'C14-22알코올', '하이드록시프로필비스라우라마이드엠에이', '만니톨', '아라키딜알코올', '콜레스테롤', '폴리아크릴레이트-13', '알란토인', '카나우바왁스추출물', 'C12-20알킬글루코사이드', '아라키딜글루코사이드', '다이메틴콘올', '폴리아이소부텐', '피토스핑고신', '글리세릴카프릴레이트', '아크릴레이트', '암모늄메타크릴레이트코폴리머', '카보머', '트로메타민', '에틸헥실글리세린', '실리카', '폴리솔베이트20', '솔비탄아이소스테아레이트', '글루코오스', '아라키딕애씨드', '팔미틱애씨드', '소목줄기가루', '올레익애씨드', '토코페롤']"
97,브링그린,브링그린 티트리시카수딩크림플러스,"['정제수', '티트리추출물', '병풀추출물', '부틸렌글라이콜', '스쿠알란', '티트리잎추출물', '티트리잎수', '프로판다이올', '1-헥산다이올', '2-헥산다이올', '나이아신아마이드', '펜틸렌글라이콜', '폴리글리세릴-3메틸글루코오스다이스테아레이트', '다이글리세린', '티트리꽃', '티트잎추출물', '티트줄기추출물', '티트리잎오일', '하이드록시에틸아크릴레이트', '소듐아크릴로일다이메틸타우레이트코폴리머', '폴리메틸실세스퀴옥세인', '아크릴레이트', 'C10-30알킬아크릴레이트크로스폴리머', '트로메타민', '솔비탄아이소스테아레이트', '마데카소사이드', '에틸헥실글리세린']"
98,닥터지,닥터지 레드 블레미쉬 클리어 모이스처 크림 세트,"['정제수', '글리세린', '2-부탄다이올', '3-부탄다이올', '병풀추출물', '나이아신아마이드', '베타인', '비닐다이메티콘', '사이클로헥사실록세인', '1-헥산다이올', '2-헥산다이올', '세틸에틸헥사노에이트', '하이드로제네이티드폴리데센', '호호바에스터', '하이드로제네이티드레시틴', '소듐하이알루로네이트', '마카다미아씨오일', '하이드로제네이티드채종유', '카프릴릭', '카프릭트라이글리세라이드', '하이드록시에틸아크릴레이트', '소듐아크릴로일다이메틸타우레이트코폴리머', '헥실데실라우레이트', '헥실데칸올', '실리카', '암모늄아크릴로일다이메틸타우레이트', '브이피코폴리머', 'C14-22알코올', '아라키딜알코올', '팔미틱애씨드', 'C12-20알킬글루코사이드', '글리세릴스테아레이트', '다이프로필렌글라이콜', '알란토인', '스테아릭애씨드', '베헤닐알코올', '아라키딜글루코사이드', '카보머', '소듐스테아로일글루타메이트', '솔비탄아이소스테아레이트', '다이소듐이디티에이', '판테놀', '수크로오스다이스테아레이트', '부틸렌글라이콜', '글루코오스', '미리스틱애씨드', '세라마이드엔피', '마데카소사이드', '아시아티코사이드', '마데카식애씨드', '아시아틱애씨드', '피토스핑고신', '하이드록시아세토페논', '에틸헥실글리세린병풀추출물', '프로판다이올', '트루로즈오브예리코추출물', '카프릴릴글라이콜', '폴리아크릴레이트크로스폴리머-6', '에틸헥실글리세린', '폴리쿼터늄-51', 't-부틸알코올', '포타슘하이알루로네이트', '하이드록시프로필트라이모늄하이알루로네이트', '하이드롤라이즈드하이알루로닉애씨드', '하이알루로닉애씨드', '하이드롤라이즈드소듐하이알루로네이트', '소듐아세틸레이티드하이알루로네이트']"
99,이니스프리,이니스프리 레티놀 시카 흔적 앰플,"['정제수', '글리세린', '부틸렌글라이콜', '나이아신아마이드', '다이부틸아디페이트', '카프릴릭', '카프릭트라이글리세라이드', '1-헥산다이올', '2-헥산다이올', '하이드로제네이티드레시틴', '암모늄아크릴로일다이메틸타우레이트', '브이피코폴리머', '해바라기씨오일', '콜레스테롤', '알란토인', '돌콩오일', '토코페롤', '토코페릴아세테이트', '소듐메틸스테아로일타우레이트', '프로판다이올', '당근추출물', '에틸헥실글리세린', '아데노신', '아시아티코사이드', '마데카식애씨드', '녹차씨추출물', '아시아틱애씨드', '스테아릴글리시레티네이트', '하이알루로닉애씨드', '만니톨', '세라마이드엔피', '베타-글루칸', '베타-카로틴', '피토스핑고신', '비에이치티', '살리실릭애씨드', '아세틸테트라펩타이드-11']"
